"GO.ID"	"GO.Term"	"zscore"
"GO:0048179"	"activin receptor complex"	"31.445"
"GO:0005667"	"transcription factor complex"	"24.584"
"GO:0071141"	"SMAD protein complex"	"24.072"
"GO:0034673"	"inhibin-betaglycan-ActRII complex"	"21.241"
"GO:0070022"	"transforming growth factor beta receptor homodimeric complex"	"18.309"
"GO:0016342"	"catenin complex"	"17.244"
"GO:0070724"	"BMP receptor complex"	"16.161"
"GO:0043235"	"receptor complex"	"15.971"
"GO:1990718"	"axonemal central pair projection"	"15.772"
"GO:0071144"	"SMAD2-SMAD3 protein complex"	"15.646"
"GO:0032444"	"activin responsive factor complex"	"15.592"
"GO:0005923"	"bicellular tight junction"	"15.066"
"GO:0044214"	"spanning component of plasma membrane"	"14.202"
"GO:0005737"	"cytoplasm"	"12.885"
"GO:0031012"	"extracellular matrix"	"12.545"
"GO:0030877"	"beta-catenin destruction complex"	"12.497"
"GO:0005654"	"nucleoplasm"	"11.589"
"GO:0005913"	"cell-cell adherens junction"	"11.572"
"GO:0000790"	"nuclear chromatin"	"11.517"
"GO:0062023"	NA	"11.353"
"GO:0090575"	"RNA polymerase II transcription factor complex"	"10.957"
"GO:0016513"	"core-binding factor complex"	"10.691"
"GO:0005637"	"nuclear inner membrane"	"10.194"
"GO:0017053"	"transcriptional repressor complex"	"9.963"
"GO:0000118"	"histone deacetylase complex"	"9.941"
"GO:0005953"	"CAAX-protein geranylgeranyltransferase complex"	"9.759"
"GO:0071148"	"TEAD-1-YAP complex"	"9.52"
"GO:0043512"	"inhibin A complex"	"9.459"
"GO:1990907"	"beta-catenin-TCF complex"	"9.373"
"GO:0016592"	"mediator complex"	"8.9"
"GO:0032991"	"macromolecular complex"	"8.776"
"GO:0016028"	"rhabdomere"	"8.686"
"GO:0031260"	"pseudopodium membrane"	"8.658"
"GO:0005912"	"adherens junction"	"7.978"
"GO:0005587"	"collagen type IV trimer"	"7.916"
"GO:0016328"	"lateral plasma membrane"	"7.817"
"GO:0043509"	"activin A complex"	"7.77"
"GO:0005588"	"collagen type V trimer"	"7.497"
"GO:0005586"	"collagen type III trimer"	"7.492"
"GO:0005634"	"nucleus"	"7.458"
"GO:0005938"	"cell cortex"	"7.421"
"GO:0031416"	"NatB complex"	"7.297"
"GO:0070369"	"beta-catenin-TCF7L2 complex"	"7.295"
"GO:0005901"	"caveola"	"7.185"
"GO:0071149"	"TEAD-2-YAP complex"	"7.169"
"GO:1990909"	"Wnt signalosome"	"6.996"
"GO:1990712"	"HFE-transferrin receptor complex"	"6.978"
"GO:0009986"	"cell surface"	"6.857"
"GO:0043296"	"apical junction complex"	"6.722"
"GO:0097733"	NA	"6.631"
"GO:0005615"	"extracellular space"	"6.52"
"GO:0000151"	"ubiquitin ligase complex"	"6.433"
"GO:0016605"	"PML body"	"6.271"
"GO:0016604"	"nuclear body"	"6.257"
"GO:0044798"	"nuclear transcription factor complex"	"6.256"
"GO:0016580"	"Sin3 complex"	"6.25"
"GO:0016327"	"apicolateral plasma membrane"	"6.175"
"GO:0032993"	"protein-DNA complex"	"6.108"
"GO:0005911"	"cell-cell junction"	"6.09"
"GO:0005585"	"collagen type II trimer"	"6.039"
"GO:0005915"	"zonula adherens"	"5.831"
"GO:0000308"	"cytoplasmic cyclin-dependent protein kinase holoenzyme complex"	"5.791"
"GO:0031477"	"myosin VII complex"	"5.597"
"GO:1990435"	"upper tip-link density"	"5.597"
"GO:0005604"	"basement membrane"	"5.59"
"GO:0043513"	"inhibin B complex"	"5.588"
"GO:0005886"	"plasma membrane"	"5.541"
"GO:0016602"	"CCAAT-binding factor complex"	"5.46"
"GO:0031225"	"anchored component of membrane"	"5.434"
"GO:0034423"	"autophagosome lumen"	"5.411"
"GO:0042406"	"extrinsic component of endoplasmic reticulum membrane"	"5.405"
"GO:0072563"	"endothelial microparticle"	"5.375"
"GO:0008385"	"IkappaB kinase complex"	"5.304"
"GO:0001527"	"microfibril"	"5.234"
"GO:0030054"	"cell junction"	"5.229"
"GO:0071944"	"cell periphery"	"5.218"
"GO:0005856"	"cytoskeleton"	"5.163"
"GO:0005968"	"Rab-protein geranylgeranyltransferase complex"	"5.141"
"GO:0019005"	"SCF ubiquitin ligase complex"	"5.099"
"GO:0098831"	"presynaptic active zone cytoplasmic component"	"5.034"
"GO:0035631"	"CD40 receptor complex"	"5.033"
"GO:0016514"	"SWI/SNF complex"	"5.032"
"GO:0030056"	"hemidesmosome"	"5.029"
"GO:0071565"	"nBAF complex"	"4.999"
"GO:0071564"	"npBAF complex"	"4.943"
"GO:0005965"	"protein farnesyltransferase complex"	"4.908"
"GO:0005592"	"collagen type XI trimer"	"4.827"
"GO:0031523"	"Myb complex"	"4.776"
"GO:0005916"	"fascia adherens"	"4.738"
"GO:0005680"	"anaphase-promoting complex"	"4.703"
"GO:0030018"	"Z disc"	"4.693"
"GO:0033553"	"rDNA heterochromatin"	"4.69"
"GO:0005584"	"collagen type I trimer"	"4.677"
"GO:0070822"	"Sin3-type complex"	"4.661"
"GO:0016324"	"apical plasma membrane"	"4.652"
"GO:0009925"	"basal plasma membrane"	"4.619"
"GO:0000164"	"protein phosphatase type 1 complex"	"4.556"
"GO:0005677"	"chromatin silencing complex"	"4.492"
"GO:0032449"	"CBM complex"	"4.448"
"GO:0016600"	"flotillin complex"	"4.416"
"GO:0035097"	"histone methyltransferase complex"	"4.396"
"GO:0099572"	"postsynaptic specialization"	"4.387"
"GO:0036057"	"slit diaphragm"	"4.339"
"GO:0002133"	"polycystin complex"	"4.335"
"GO:0071953"	"elastic fiber"	"4.308"
"GO:0099634"	"postsynaptic specialization membrane"	"4.289"
"GO:0016581"	"NuRD complex"	"4.274"
"GO:0009898"	"cytoplasmic side of plasma membrane"	"4.264"
"GO:1990622"	"CHOP-ATF3 complex"	"4.264"
"GO:0005922"	"connexin complex"	"4.218"
"GO:0016529"	"sarcoplasmic reticulum"	"4.212"
"GO:0034750"	"Scrib-APC-beta-catenin complex"	"4.197"
"GO:0072357"	"PTW/PP1 phosphatase complex"	"4.167"
"GO:0030027"	"lamellipodium"	"4.158"
"GO:0005595"	"collagen type XII trimer"	"4.104"
"GO:0005719"	"nuclear euchromatin"	"4.087"
"GO:0031264"	"death-inducing signaling complex"	"4.071"
"GO:0005671"	"Ada2/Gcn5/Ada3 transcription activator complex"	"4.051"
"GO:0043025"	"neuronal cell body"	"4.044"
"GO:0000307"	"cyclin-dependent protein kinase holoenzyme complex"	"4.001"
"GO:1990462"	"omegasome"	"3.964"
"GO:0033193"	"Lsd1/2 complex"	"3.958"
"GO:0099025"	"anchored component of postsynaptic membrane"	"3.954"
"GO:0005796"	"Golgi lumen"	"3.948"
"GO:0000785"	"chromatin"	"3.942"
"GO:0016323"	"basolateral plasma membrane"	"3.923"
"GO:0014069"	"postsynaptic density"	"3.911"
"GO:0035749"	"myelin sheath adaxonal region"	"3.91"
"GO:0097209"	"epidermal lamellar body"	"3.888"
"GO:0032587"	"ruffle membrane"	"3.823"
"GO:0035748"	"myelin sheath abaxonal region"	"3.8"
"GO:0005829"	"cytosol"	"3.767"
"GO:0043293"	"apoptosome"	"3.707"
"GO:0031233"	"intrinsic component of external side of plasma membrane"	"3.703"
"GO:0043220"	"Schmidt-Lanterman incisure"	"3.681"
"GO:0043231"	"intracellular membrane-bounded organelle"	"3.674"
"GO:0036488"	"CHOP-C/EBP complex"	"3.663"
"GO:0014704"	"intercalated disc"	"3.623"
"GO:0042720"	"mitochondrial inner membrane peptidase complex"	"3.616"
"GO:0010008"	"endosome membrane"	"3.608"
"GO:0031528"	"microvillus membrane"	"3.542"
"GO:0051286"	"cell tip"	"3.52"
"GO:0070847"	"core mediator complex"	"3.509"
"GO:0044291"	"cell-cell contact zone"	"3.501"
"GO:0031265"	"CD95 death-inducing signaling complex"	"3.5"
"GO:0000123"	"histone acetyltransferase complex"	"3.492"
"GO:0045121"	"membrane raft"	"3.474"
"GO:0031371"	"ubiquitin conjugating enzyme complex"	"3.433"
"GO:0002080"	"acrosomal membrane"	"3.413"
"GO:0097454"	"Schwann cell microvillus"	"3.413"
"GO:0043005"	"neuron projection"	"3.409"
"GO:0005788"	"endoplasmic reticulum lumen"	"3.398"
"GO:0033010"	"paranodal junction"	"3.373"
"GO:0014802"	"terminal cisterna"	"3.362"
"GO:0033269"	"internode region of axon"	"3.361"
"GO:0035354"	"Toll-like receptor 1-Toll-like receptor 2 protein complex"	"3.358"
"GO:0046696"	"lipopolysaccharide receptor complex"	"3.345"
"GO:0070877"	"microprocessor complex"	"3.344"
"GO:0097342"	"ripoptosome"	"3.328"
"GO:0005581"	"collagen trimer"	"3.211"
"GO:0005720"	"nuclear heterochromatin"	"3.21"
"GO:0034685"	"integrin alphav-beta6 complex"	"3.183"
"GO:0034686"	"integrin alphav-beta8 complex"	"3.167"
"GO:0071598"	"neuronal ribonucleoprotein granule"	"3.134"
"GO:1990234"	"transferase complex"	"3.13"
"GO:0008305"	"integrin complex"	"3.1"
"GO:0042382"	"paraspeckles"	"3.065"
"GO:0033263"	"CORVET complex"	"3.018"
"GO:0031410"	"cytoplasmic vesicle"	"2.99"
"GO:0002193"	"MAML1-RBP-Jkappa- ICN1 complex"	"2.951"
"GO:0031906"	"late endosome lumen"	"2.95"
"GO:1990425"	"ryanodine receptor complex"	"2.929"
"GO:0005925"	"focal adhesion"	"2.92"
"GO:0030666"	"endocytic vesicle membrane"	"2.92"
"GO:0031093"	"platelet alpha granule lumen"	"2.906"
"GO:0043657"	"host cell"	"2.893"
"GO:0071665"	"gamma-catenin-TCF7L2 complex"	"2.883"
"GO:0097543"	"ciliary inversin compartment"	"2.829"
"GO:0032156"	"septin cytoskeleton"	"2.808"
"GO:0034752"	"cytosolic aryl hydrocarbon receptor complex"	"2.801"
"GO:0016942"	"insulin-like growth factor binding protein complex"	"2.793"
"GO:0033270"	"paranode region of axon"	"2.783"
"GO:0071458"	"integral component of cytoplasmic side of endoplasmic reticulum membrane"	"2.756"
"GO:0001940"	"male pronucleus"	"2.753"
"GO:0031312"	"extrinsic component of organelle membrane"	"2.746"
"GO:0001726"	"ruffle"	"2.724"
"GO:0032996"	"Bcl3-Bcl10 complex"	"2.686"
"GO:0071062"	"alphav-beta3 integrin-vitronectin complex"	"2.677"
"GO:0014701"	"junctional sarcoplasmic reticulum membrane"	"2.673"
"GO:0042567"	"insulin-like growth factor ternary complex"	"2.656"
"GO:0098562"	"cytoplasmic side of membrane"	"2.644"
"GO:0005861"	"troponin complex"	"2.642"
"GO:0097512"	"cardiac myofibril"	"2.639"
"GO:0045092"	"interleukin-18 receptor complex"	"2.603"
"GO:0034668"	"integrin alpha4-beta1 complex"	"2.6"
"GO:1990971"	"EMILIN complex"	"2.6"
"GO:0044295"	"axonal growth cone"	"2.597"
"GO:0031901"	"early endosome membrane"	"2.59"
"GO:0008023"	"transcription elongation factor complex"	"2.572"
"GO:0001939"	"female pronucleus"	"2.543"
"GO:0005741"	"mitochondrial outer membrane"	"2.515"
"GO:0097453"	"mesaxon"	"2.499"
"GO:0016533"	"cyclin-dependent protein kinase 5 holoenzyme complex"	"2.489"
"GO:0030314"	"junctional membrane complex"	"2.486"
"GO:0005815"	"microtubule organizing center"	"2.461"
"GO:0097440"	"apical dendrite"	"2.459"
"GO:0032783"	"ELL-EAF complex"	"2.456"
"GO:0044218"	"other organism cell membrane"	"2.423"
"GO:0005622"	"intracellular"	"2.401"
"GO:0005900"	"oncostatin-M receptor complex"	"2.396"
"GO:0071437"	"invadopodium"	"2.36"
"GO:0035189"	"Rb-E2F complex"	"2.355"
"GO:0099023"	"tethring complex"	"2.318"
"GO:0106003"	NA	"2.318"
"GO:0016593"	"Cdc73/Paf1 complex"	"2.312"
"GO:1905370"	"serine-type endopeptidase complex"	"2.295"
"GO:0034657"	"GID complex"	"2.282"
"GO:0098797"	"plasma membrane protein complex"	"2.274"
"GO:0035327"	"transcriptionally active chromatin"	"2.266"
"GO:0055087"	"Ski complex"	"2.259"
"GO:0016363"	"nuclear matrix"	"2.253"
"GO:0005876"	"spindle microtubule"	"2.236"
"GO:0032541"	"cortical endoplasmic reticulum"	"2.226"
"GO:0044393"	"microspike"	"2.224"
"GO:0034683"	"integrin alphav-beta3 complex"	"2.221"
"GO:0071797"	"LUBAC complex"	"2.214"
"GO:0036449"	"microtubule minus-end"	"2.209"
"GO:0000792"	"heterochromatin"	"2.199"
"GO:0030424"	"axon"	"2.197"
"GO:0097025"	"MPP7-DLG1-LIN7 complex"	"2.176"
"GO:0002947"	"tumor necrosis factor receptor superfamily complex"	"2.172"
"GO:1990452"	"Parkin-FBXW7-Cul1 ubiquitin ligase complex"	"2.154"
"GO:0042995"	"cell projection"	"2.149"
"GO:0098793"	"presynapse"	"2.122"
"GO:0008024"	"cyclin/CDK positive transcription elongation factor complex"	"2.118"
"GO:0034703"	"cation channel complex"	"2.099"
"GO:0000506"	"glycosylphosphatidylinositol-N-acetylglucosaminyltransferase (GPI-GnT) complex"	"2.093"
"GO:0090537"	"CERF complex"	"2.077"
"GO:0042587"	"glycogen granule"	"2.072"
"GO:0097129"	"cyclin D2-CDK4 complex"	"2.062"
"GO:0097059"	"CNTFR-CLCF1 complex"	"2.056"
"GO:0097441"	"basilar dendrite"	"2.043"
"GO:0043514"	"interleukin-12 complex"	"2.042"
"GO:0019008"	"molybdopterin synthase complex"	"2.04"
"GO:0043292"	"contractile fiber"	"2.033"
"GO:0072534"	"perineuronal net"	"2.016"
"GO:0034098"	"VCP-NPL4-UFD1 AAA ATPase complex"	"1.994"
"GO:0005875"	"microtubule associated complex"	"1.992"
"GO:0001931"	"uropod"	"1.957"
"GO:0035976"	"transcription factor AP-1 complex"	"1.955"
"GO:0031372"	"UBC13-MMS2 complex"	"1.954"
"GO:0035370"	"UBC13-UEV1A complex"	"1.95"
"GO:0001533"	"cornified envelope"	"1.948"
"GO:0070743"	"interleukin-23 complex"	"1.939"
"GO:0032838"	"cell projection cytoplasm"	"1.935"
"GO:0099029"	"anchored component of presynaptic active zone membrane"	"1.935"
"GO:0080008"	"Cul4-RING E3 ubiquitin ligase complex"	"1.916"
"GO:0043257"	"laminin-8 complex"	"1.911"
"GO:0070110"	"ciliary neurotrophic factor receptor complex"	"1.91"
"GO:0099026"	"anchored component of presynaptic membrane"	"1.898"
"GO:0017119"	"Golgi transport complex"	"1.887"
"GO:0097124"	"cyclin A2-CDK2 complex"	"1.887"
"GO:0043626"	"PCNA complex"	"1.885"
"GO:1905286"	"serine-type peptidase complex"	"1.876"
"GO:0036396"	"MIS complex"	"1.869"
"GO:0032589"	"neuron projection membrane"	"1.865"
"GO:0016589"	"NURF complex"	"1.863"
"GO:0043259"	"laminin-10 complex"	"1.854"
"GO:0030863"	"cortical cytoskeleton"	"1.845"
"GO:0048188"	"Set1C/COMPASS complex"	"1.84"
"GO:0033256"	"I-kappaB/NF-kappaB complex"	"1.834"
"GO:0031519"	"PcG protein complex"	"1.825"
"GO:0031941"	"filamentous actin"	"1.817"
"GO:0099092"	NA	"1.815"
"GO:0033268"	"node of Ranvier"	"1.794"
"GO:0072559"	"NLRP3 inflammasome complex"	"1.794"
"GO:0045323"	"interleukin-1 receptor complex"	"1.791"
"GO:0005606"	"laminin-1 complex"	"1.779"
"GO:0000153"	"cytoplasmic ubiquitin ligase complex"	"1.773"
"GO:0001669"	"acrosomal vesicle"	"1.767"
"GO:0044354"	"macropinosome"	"1.765"
"GO:0008290"	"F-actin capping protein complex"	"1.763"
"GO:0035525"	"NF-kappaB p50/p65 complex"	"1.748"
"GO:0008091"	"spectrin"	"1.747"
"GO:0043564"	"Ku70:Ku80 complex"	"1.726"
"GO:0034678"	"integrin alpha8-beta1 complex"	"1.723"
"GO:0072669"	"tRNA-splicing ligase complex"	"1.719"
"GO:0001725"	"stress fiber"	"1.708"
"GO:0015629"	"actin cytoskeleton"	"1.705"
"GO:0035867"	"alphav-beta3 integrin-IGF-1-IGF1R complex"	"1.689"
"GO:0030057"	"desmosome"	"1.688"
"GO:0043197"	"dendritic spine"	"1.688"
"GO:0032797"	"SMN complex"	"1.681"
"GO:0043218"	"compact myelin"	"1.67"
"GO:0014731"	"spectrin-associated cytoskeleton"	"1.668"
"GO:0032154"	"cleavage furrow"	"1.662"
"GO:0071748"	"monomeric IgA immunoglobulin complex"	"1.662"
"GO:0071751"	"secretory IgA immunoglobulin complex"	"1.662"
"GO:0071752"	"secretory dimeric IgA immunoglobulin complex"	"1.662"
"GO:0000333"	"telomerase catalytic core complex"	"1.66"
"GO:0031379"	"RNA-directed RNA polymerase complex"	"1.66"
"GO:1990572"	"TERT-RMRP complex"	"1.66"
"GO:0031092"	"platelet alpha granule membrane"	"1.651"
"GO:0044302"	"dentate gyrus mossy fiber"	"1.648"
"GO:0000322"	"storage vacuole"	"1.634"
"GO:0031982"	"vesicle"	"1.634"
"GO:0034667"	"integrin alpha3-beta1 complex"	"1.623"
"GO:0031463"	"Cul3-RING ubiquitin ligase complex"	"1.621"
"GO:0070557"	"PCNA-p21 complex"	"1.604"
"GO:0045179"	"apical cortex"	"1.601"
"GO:1990851"	"Wnt-Frizzled-LRP5/6 complex"	"1.6"
"GO:0035098"	"ESC/E(Z) complex"	"1.596"
"GO:0005639"	"integral component of nuclear inner membrane"	"1.585"
"GO:0043194"	"axon initial segment"	"1.58"
"GO:0044216"	"other organism cell"	"1.573"
"GO:0031430"	"M band"	"1.567"
"GO:0005863"	"striated muscle myosin thick filament"	"1.558"
"GO:0032153"	"cell division site"	"1.558"
"GO:0031258"	"lamellipodium membrane"	"1.554"
"GO:0005902"	"microvillus"	"1.553"
"GO:0098794"	"postsynapse"	"1.549"
"GO:0043224"	"nuclear SCF ubiquitin ligase complex"	"1.527"
"GO:0034684"	"integrin alphav-beta5 complex"	"1.522"
"GO:0097038"	"perinuclear endoplasmic reticulum"	"1.514"
"GO:0098978"	"glutamatergic synapse"	"1.508"
"GO:0005691"	"U6atac snRNP"	"1.49"
"GO:0030894"	"replisome"	"1.49"
"GO:0071002"	"U4atac/U6atac snRNP"	"1.49"
"GO:0099189"	NA	"1.487"
"GO:0033565"	"ESCRT-0 complex"	"1.475"
"GO:0031213"	"RSF complex"	"1.473"
"GO:0012510"	"trans-Golgi network transport vesicle membrane"	"1.459"
"GO:0005921"	"gap junction"	"1.453"
"GO:0097413"	"Lewy body"	"1.452"
"GO:0005740"	"mitochondrial envelope"	"1.443"
"GO:0090533"	"cation-transporting ATPase complex"	"1.44"
"GO:0097134"	"cyclin E1-CDK2 complex"	"1.435"
"GO:1990876"	"cytoplasmic side of nuclear pore"	"1.429"
"GO:1990356"	"sumoylated E2 ligase complex"	"1.428"
"GO:0031466"	"Cul5-RING ubiquitin ligase complex"	"1.424"
"GO:0044666"	"MLL3/4 complex"	"1.421"
"GO:0090571"	"RNA polymerase II transcription repressor complex"	"1.391"
"GO:0042383"	"sarcolemma"	"1.388"
"GO:0001518"	"voltage-gated sodium channel complex"	"1.386"
"GO:0031436"	"BRCA1-BARD1 complex"	"1.379"
"GO:0033596"	"TSC1-TSC2 complex"	"1.372"
"GO:0043260"	"laminin-11 complex"	"1.37"
"GO:0031226"	"intrinsic component of plasma membrane"	"1.367"
"GO:0031143"	"pseudopodium"	"1.364"
"GO:0099053"	"activating signal cointegrator 1 complex"	"1.364"
"GO:0016939"	"kinesin II complex"	"1.333"
"GO:0042564"	"NLS-dependent protein nuclear import complex"	"1.321"
"GO:0005607"	"laminin-2 complex"	"1.32"
"GO:0045177"	"apical part of cell"	"1.319"
"GO:0005849"	"mRNA cleavage factor complex"	"1.313"
"GO:0097135"	"cyclin E2-CDK2 complex"	"1.305"
"GO:1990391"	"DNA repair complex"	"1.295"
"GO:0099091"	NA	"1.271"
"GO:1990584"	"cardiac Troponin complex"	"1.258"
"GO:0043596"	"nuclear replication fork"	"1.251"
"GO:1990752"	"microtubule end"	"1.25"
"GO:0005652"	"nuclear lamina"	"1.248"
"GO:0033588"	"Elongator holoenzyme complex"	"1.216"
"GO:0098592"	"cytoplasmic side of apical plasma membrane"	"1.214"
"GO:1990617"	"CHOP-ATF4 complex"	"1.203"
"GO:0032426"	"stereocilium tip"	"1.202"
"GO:0070531"	"BRCA1-A complex"	"1.186"
"GO:0035866"	"alphav-beta3 integrin-PKCalpha complex"	"1.16"
"GO:0043203"	"axon hillock"	"1.156"
"GO:0016507"	"mitochondrial fatty acid beta-oxidation multienzyme complex"	"1.149"
"GO:0016591"	"DNA-directed RNA polymerase II, holoenzyme"	"1.146"
"GO:0097457"	"hippocampal mossy fiber"	"1.145"
"GO:0019897"	"extrinsic component of plasma membrane"	"1.14"
"GO:0031301"	"integral component of organelle membrane"	"1.132"
"GO:0032059"	"bleb"	"1.126"
"GO:0035868"	"alphav-beta3 integrin-HMGB1 complex"	"1.125"
"GO:0033597"	"mitotic checkpoint complex"	"1.121"
"GO:1990298"	"bub1-bub3 complex"	"1.121"
"GO:0032420"	"stereocilium"	"1.119"
"GO:0071438"	"invadopodium membrane"	"1.111"
"GO:0031095"	"platelet dense tubular network membrane"	"1.091"
"GO:0005745"	"m-AAA complex"	"1.087"
"GO:0035363"	"histone locus body"	"1.085"
"GO:0072558"	"NLRP1 inflammasome complex"	"1.085"
"GO:0005640"	"nuclear outer membrane"	"1.084"
"GO:0099147"	NA	"1.071"
"GO:0043033"	"isoamylase complex"	"1.069"
"GO:0030864"	"cortical actin cytoskeleton"	"1.063"
"GO:0098688"	NA	"1.058"
"GO:0043190"	"ATP-binding cassette (ABC) transporter complex"	"1.054"
"GO:0097144"	"BAX complex"	"1.051"
"GO:0097060"	"synaptic membrane"	"1.045"
"GO:1990604"	"IRE1-TRAF2-ASK1 complex"	"1.032"
"GO:0012505"	"endomembrane system"	"1.031"
"GO:0016590"	"ACF complex"	"1.029"
"GO:0014705"	"C zone"	"1.025"
"GO:0034677"	"integrin alpha7-beta1 complex"	"1.023"
"GO:0032437"	"cuticular plate"	"1.014"
"GO:0031588"	"nucleotide-activated protein kinase complex"	"1.013"
"GO:0031011"	"Ino80 complex"	"1.012"
"GO:0005721"	"pericentric heterochromatin"	"1.01"
"GO:1902911"	"protein kinase complex"	"1.007"
"GO:0034681"	"integrin alpha11-beta1 complex"	"1.005"
"GO:0031256"	"leading edge membrane"	"0.998"
"GO:0097123"	"cyclin A1-CDK2 complex"	"0.998"
"GO:1990589"	"ATF4-CREB1 transcription factor complex"	"0.998"
"GO:0150002"	NA	"0.997"
"GO:0150014"	NA	"0.997"
"GO:0034680"	"integrin alpha10-beta1 complex"	"0.996"
"GO:0016528"	"sarcoplasm"	"0.992"
"GO:0035580"	"specific granule lumen"	"0.991"
"GO:0045211"	"postsynaptic membrane"	"0.975"
"GO:0031467"	"Cul7-RING ubiquitin ligase complex"	"0.969"
"GO:0033186"	"CAF-1 complex"	"0.965"
"GO:0031594"	"neuromuscular junction"	"0.96"
"GO:0005794"	"Golgi apparatus"	"0.959"
"GO:0032585"	"multivesicular body membrane"	"0.949"
"GO:0031362"	"anchored component of external side of plasma membrane"	"0.948"
"GO:0043034"	"costamere"	"0.943"
"GO:0097179"	"protease inhibitor complex"	"0.94"
"GO:0033017"	"sarcoplasmic reticulum membrane"	"0.939"
"GO:0070876"	"SOSS complex"	"0.933"
"GO:0097442"	"CA3 pyramidal cell dendrite"	"0.925"
"GO:0031465"	"Cul4B-RING E3 ubiquitin ligase complex"	"0.919"
"GO:0060205"	"cytoplasmic membrane-bounded vesicle lumen"	"0.913"
"GO:0071159"	"NF-kappaB complex"	"0.907"
"GO:0097169"	"AIM2 inflammasome complex"	"0.906"
"GO:0030673"	"axolemma"	"0.905"
"GO:0000805"	"X chromosome"	"0.901"
"GO:0043083"	"synaptic cleft"	"0.898"
"GO:0032039"	"integrator complex"	"0.89"
"GO:0031232"	"extrinsic component of external side of plasma membrane"	"0.889"
"GO:0072487"	"MSL complex"	"0.888"
"GO:0005956"	"protein kinase CK2 complex"	"0.877"
"GO:0031088"	"platelet dense granule membrane"	"0.875"
"GO:0097550"	"transcriptional preinitiation complex"	"0.872"
"GO:0097149"	"centralspindlin complex"	"0.868"
"GO:0001741"	"XY body"	"0.857"
"GO:0097136"	"Bcl-2 family protein complex"	"0.856"
"GO:0042599"	"lamellar body"	"0.851"
"GO:0042583"	"chromaffin granule"	"0.847"
"GO:0000779"	"condensed chromosome, centromeric region"	"0.834"
"GO:0044615"	"nuclear pore nuclear basket"	"0.832"
"GO:0008623"	"CHRAC"	"0.822"
"GO:0031905"	"early endosome lumen"	"0.815"
"GO:0031462"	"Cul2-RING ubiquitin ligase complex"	"0.803"
"GO:0031252"	"cell leading edge"	"0.798"
"GO:0031389"	"Rad17 RFC-like complex"	"0.798"
"GO:0031527"	"filopodium membrane"	"0.796"
"GO:0031931"	"TORC1 complex"	"0.796"
"GO:0097197"	"tetraspanin-enriched microdomain"	"0.794"
"GO:0044753"	"amphisome"	"0.777"
"GO:0015935"	"small ribosomal subunit"	"0.764"
"GO:0005577"	"fibrinogen complex"	"0.763"
"GO:0072557"	"IPAF inflammasome complex"	"0.746"
"GO:0002944"	"cyclin K-CDK12 complex"	"0.745"
"GO:0005943"	"phosphatidylinositol 3-kinase complex, class IA"	"0.735"
"GO:0000112"	"nucleotide-excision repair factor 3 complex"	"0.729"
"GO:0030891"	"VCB complex"	"0.719"
"GO:0098536"	"deuterosome"	"0.712"
"GO:0005769"	"early endosome"	"0.71"
"GO:0097386"	"glial cell projection"	"0.709"
"GO:0048471"	"perinuclear region of cytoplasm"	"0.707"
"GO:0005684"	"U2-type spliceosomal complex"	"0.699"
"GO:0030055"	"cell-substrate junction"	"0.699"
"GO:0034693"	"U11/U12 snRNP"	"0.699"
"GO:0005899"	"insulin receptor complex"	"0.698"
"GO:0017146"	"NMDA selective glutamate receptor complex"	"0.698"
"GO:0005891"	"voltage-gated calcium channel complex"	"0.686"
"GO:0016607"	"nuclear speck"	"0.674"
"GO:0010369"	"chromocenter"	"0.673"
"GO:0061689"	"tricellular tight junction"	"0.666"
"GO:0043240"	"Fanconi anaemia nuclear complex"	"0.657"
"GO:0030426"	"growth cone"	"0.648"
"GO:0032432"	"actin filament bundle"	"0.648"
"GO:0042641"	"actomyosin"	"0.646"
"GO:0035692"	"macrophage migration inhibitory factor receptor complex"	"0.645"
"GO:0005890"	"sodium:potassium-exchanging ATPase complex"	"0.643"
"GO:0034702"	"ion channel complex"	"0.643"
"GO:1990316"	"ATG1/ULK1 kinase complex"	"0.642"
"GO:0071546"	"pi-body"	"0.638"
"GO:0032133"	"chromosome passenger complex"	"0.633"
"GO:0005673"	"transcription factor TFIIE complex"	"0.63"
"GO:0017054"	"negative cofactor 2 complex"	"0.63"
"GO:0031094"	"platelet dense tubular network"	"0.619"
"GO:0034665"	"integrin alpha1-beta1 complex"	"0.614"
"GO:0070860"	"RNA polymerase I core factor complex"	"0.606"
"GO:1990769"	"proximal neuron projection"	"0.606"
"GO:0044207"	"translation initiation ternary complex"	"0.604"
"GO:0150034"	NA	"0.601"
"GO:0070209"	"ASTRA complex"	"0.6"
"GO:0005873"	"plus-end kinesin complex"	"0.595"
"GO:0043219"	"lateral loop"	"0.586"
"GO:0005771"	"multivesicular body"	"0.581"
"GO:0097451"	"glial limiting end-foot"	"0.576"
"GO:0032021"	"NELF complex"	"0.57"
"GO:0044326"	"dendritic spine neck"	"0.57"
"GO:0005896"	"interleukin-6 receptor complex"	"0.569"
"GO:0097427"	"microtubule bundle"	"0.567"
"GO:0019908"	"nuclear cyclin-dependent protein kinase holoenzyme complex"	"0.565"
"GO:0097057"	"TRAF2-GSTP1 complex"	"0.56"
"GO:0005884"	"actin filament"	"0.553"
"GO:0008328"	"ionotropic glutamate receptor complex"	"0.548"
"GO:0098982"	"GABA-ergic synapse"	"0.542"
"GO:0005773"	"vacuole"	"0.54"
"GO:0090498"	"extrinsic component of Golgi membrane"	"0.54"
"GO:0097014"	"ciliary plasm"	"0.539"
"GO:0008352"	"katanin complex"	"0.53"
"GO:0035102"	"PRC1 complex"	"0.514"
"GO:0031672"	"A band"	"0.51"
"GO:0044194"	"cytolytic granule"	"0.51"
"GO:0030315"	"T-tubule"	"0.508"
"GO:0005969"	"serine-pyruvate aminotransferase complex"	"0.503"
"GO:0044224"	"juxtaparanode region of axon"	"0.483"
"GO:0031464"	"Cul4A-RING E3 ubiquitin ligase complex"	"0.477"
"GO:0044853"	"plasma membrane raft"	"0.472"
"GO:0005602"	"complement component C1 complex"	"0.467"
"GO:0009346"	"citrate lyase complex"	"0.457"
"GO:0071203"	"WASH complex"	"0.456"
"GO:0051233"	"spindle midzone"	"0.455"
"GO:0042585"	"germinal vesicle"	"0.445"
"GO:0060076"	"excitatory synapse"	"0.445"
"GO:0000806"	"Y chromosome"	"0.443"
"GO:0034388"	"Pwp2p-containing subcomplex of 90S preribosome"	"0.439"
"GO:1990597"	"AIP1-IRE1 complex"	"0.429"
"GO:0005971"	"ribonucleoside-diphosphate reductase complex"	"0.427"
"GO:1990075"	"periciliary membrane compartment"	"0.425"
"GO:0070765"	"gamma-secretase complex"	"0.42"
"GO:0097731"	NA	"0.409"
"GO:0098888"	"extrinsic component of presynaptic membrane"	"0.409"
"GO:0097356"	"perinucleolar compartment"	"0.403"
"GO:0019185"	"snRNA-activating protein complex"	"0.401"
"GO:0034718"	"SMN-Gemin2 complex"	"0.4"
"GO:0099699"	NA	"0.4"
"GO:0005590"	"collagen type VII trimer"	"0.395"
"GO:0005797"	"Golgi medial cisterna"	"0.393"
"GO:0071547"	"piP-body"	"0.393"
"GO:0097255"	"R2TP complex"	"0.386"
"GO:0005589"	"collagen type VI trimer"	"0.377"
"GO:0061617"	"MICOS complex"	"0.377"
"GO:0005903"	"brush border"	"0.365"
"GO:0031618"	"nuclear pericentric heterochromatin"	"0.358"
"GO:0031234"	"extrinsic component of cytoplasmic side of plasma membrane"	"0.357"
"GO:0001650"	"fibrillar center"	"0.355"
"GO:0005942"	"phosphatidylinositol 3-kinase complex"	"0.34"
"GO:0031091"	"platelet alpha granule"	"0.338"
"GO:0070618"	"Grb2-Sos complex"	"0.337"
"GO:0099060"	"integral component of postsynaptic specialization membrane"	"0.332"
"GO:0045202"	"synapse"	"0.331"
"GO:0033257"	"Bcl3/NF-kappaB2 complex"	"0.328"
"GO:0097489"	"multivesicular body, internal vesicle lumen"	"0.323"
"GO:0005576"	"extracellular region"	"0.318"
"GO:0005826"	"actomyosin contractile ring"	"0.315"
"GO:0042825"	"TAP complex"	"0.307"
"GO:1902636"	"kinociliary basal body"	"0.302"
"GO:0070435"	"Shc-EGFR complex"	"0.296"
"GO:0036021"	"endolysosome lumen"	"0.294"
"GO:0022627"	"cytosolic small ribosomal subunit"	"0.291"
"GO:0031674"	"I band"	"0.291"
"GO:0044613"	"nuclear pore central transport channel"	"0.288"
"GO:0005657"	"replication fork"	"0.287"
"GO:0098745"	"Dcp1-Dcp2 complex"	"0.281"
"GO:0045335"	"phagocytic vesicle"	"0.278"
"GO:0098985"	"asymmetric, glutamatergic, excitatory synapse"	"0.273"
"GO:0031515"	"tRNA (m1A) methyltransferase complex"	"0.267"
"GO:0071818"	"BAT3 complex"	"0.258"
"GO:0044609"	"DBIRD complex"	"0.256"
"GO:0097344"	"Rix1 complex"	"0.256"
"GO:0031932"	"TORC2 complex"	"0.254"
"GO:0000417"	"HIR complex"	"0.253"
"GO:0030981"	"cortical microtubule cytoskeleton"	"0.24"
"GO:0002116"	"semaphorin receptor complex"	"0.236"
"GO:0150001"	NA	"0.231"
"GO:0031985"	"Golgi cisterna"	"0.222"
"GO:0098983"	"symmetric, GABA-ergic, inhibitory synapse"	"0.218"
"GO:0030175"	"filopodium"	"0.217"
"GO:0005882"	"intermediate filament"	"0.215"
"GO:0046581"	"intercellular canaliculus"	"0.213"
"GO:0061845"	NA	"0.209"
"GO:0061846"	NA	"0.209"
"GO:0042765"	"GPI-anchor transamidase complex"	"0.208"
"GO:0016459"	"myosin complex"	"0.203"
"GO:1990578"	"perinuclear endoplasmic reticulum membrane"	"0.2"
"GO:0044614"	"nuclear pore cytoplasmic filaments"	"0.192"
"GO:0034666"	"integrin alpha2-beta1 complex"	"0.191"
"GO:0031235"	"intrinsic component of the cytoplasmic side of the plasma membrane"	"0.178"
"GO:0070937"	"CRD-mediated mRNA stability complex"	"0.173"
"GO:0030141"	"secretory granule"	"0.171"
"GO:0031616"	"spindle pole centrosome"	"0.166"
"GO:0002945"	"cyclin K-CDK13 complex"	"0.163"
"GO:0097470"	"ribbon synapse"	"0.162"
"GO:0005608"	"laminin-3 complex"	"0.156"
"GO:0071339"	"MLL1 complex"	"0.152"
"GO:0031253"	"cell projection membrane"	"0.147"
"GO:0045111"	"intermediate filament cytoskeleton"	"0.125"
"GO:0071204"	"histone pre-mRNA 3'end processing complex"	"0.115"
"GO:0044308"	"axonal spine"	"0.113"
"GO:0031673"	"H zone"	"0.108"
"GO:0033065"	"Rad51C-XRCC3 complex"	"0.108"
"GO:0098892"	"extrinsic component of postsynaptic specialization membrane"	"0.1"
"GO:0030915"	"Smc5-Smc6 complex"	"0.097"
"GO:0000780"	"condensed nuclear chromosome, centromeric region"	"0.096"
"GO:0030496"	"midbody"	"0.091"
"GO:0000839"	"Hrd1p ubiquitin ligase ERAD-L complex"	"0.089"
"GO:0070419"	"nonhomologous end joining complex"	"0.083"
"GO:0071540"	"eukaryotic translation initiation factor 3 complex, eIF3e"	"0.081"
"GO:0035985"	"senescence-associated heterochromatin focus"	"0.078"
"GO:0055028"	"cortical microtubule"	"0.077"
"GO:1905720"	NA	"0.077"
"GO:0098843"	"postsynaptic endocytic zone"	"0.076"
"GO:0046658"	"anchored component of plasma membrane"	"0.07"
"GO:0001740"	"Barr body"	"0.069"
"GO:0036398"	"TCR signalosome"	"0.065"
"GO:0030849"	"autosome"	"0.054"
"GO:0045180"	"basal cortex"	"0.054"
"GO:0030892"	"mitotic cohesin complex"	"0.046"
"GO:0060171"	"stereocilium membrane"	"0.039"
"GO:0036157"	"outer dynein arm"	"0.037"
"GO:0043020"	"NADPH oxidase complex"	"0.035"
"GO:0030990"	"intraciliary transport particle"	"0.028"
"GO:0098871"	"postsynaptic actin cytoskeleton"	"0.016"
"GO:0016235"	"aggresome"	"0.015"
"GO:0005964"	"phosphorylase kinase complex"	"0.009"
"GO:0097542"	"ciliary tip"	"0.008"
"GO:0031475"	"myosin V complex"	"0.007"
"GO:0032044"	"DSIF complex"	"0.003"
"GO:0043202"	"lysosomal lumen"	"0"
"GO:0070762"	"nuclear pore transmembrane ring"	"0"
"GO:1902737"	"dendritic filopodium"	"-0.005"
"GO:0099524"	"postsynaptic cytosol"	"-0.012"
"GO:0033593"	"BRCA2-MAGE-D1 complex"	"-0.015"
"GO:1990590"	"ATF1-ATF4 transcription factor complex"	"-0.024"
"GO:0043614"	"multi-eIF complex"	"-0.025"
"GO:0017102"	"methionyl glutamyl tRNA synthetase complex"	"-0.027"
"GO:0043529"	"GET complex"	"-0.033"
"GO:0098830"	"presynaptic endosome"	"-0.035"
"GO:0098685"	NA	"-0.039"
"GO:0045239"	"tricarboxylic acid cycle enzyme complex"	"-0.04"
"GO:0032839"	"dendrite cytoplasm"	"-0.043"
"GO:0089717"	"spanning component of membrane"	"-0.044"
"GO:0097629"	"extrinsic component of omegasome membrane"	"-0.047"
"GO:0042719"	"mitochondrial intermembrane space protein transporter complex"	"-0.051"
"GO:0030061"	"mitochondrial crista"	"-0.057"
"GO:0030868"	"smooth endoplasmic reticulum membrane"	"-0.057"
"GO:0046695"	"SLIK (SAGA-like) complex"	"-0.057"
"GO:0033162"	"melanosome membrane"	"-0.067"
"GO:0045272"	"plasma membrane respiratory chain complex I"	"-0.073"
"GO:0097443"	"sorting endosome"	"-0.08"
"GO:0032809"	"neuronal cell body membrane"	"-0.089"
"GO:0005881"	"cytoplasmic microtubule"	"-0.092"
"GO:0070820"	"tertiary granule"	"-0.093"
"GO:0097409"	"glial cytoplasmic inclusion"	"-0.095"
"GO:0097414"	"classical Lewy body"	"-0.095"
"GO:0097462"	"Lewy neurite"	"-0.095"
"GO:1990038"	"Lewy body corona"	"-0.095"
"GO:0048237"	"rough endoplasmic reticulum lumen"	"-0.099"
"GO:0005731"	"nucleolus organizer region"	"-0.103"
"GO:0030120"	"vesicle coat"	"-0.112"
"GO:0034707"	"chloride channel complex"	"-0.114"
"GO:0099059"	"integral component of presynaptic active zone membrane"	"-0.114"
"GO:0002189"	"ribose phosphate diphosphokinase complex"	"-0.117"
"GO:0005726"	"perichromatin fibrils"	"-0.121"
"GO:0005610"	"laminin-5 complex"	"-0.122"
"GO:1990037"	"Lewy body core"	"-0.124"
"GO:0097504"	"Gemini of coiled bodies"	"-0.125"
"GO:0002177"	"manchette"	"-0.139"
"GO:0000439"	"core TFIIH complex"	"-0.148"
"GO:0030896"	"checkpoint clamp complex"	"-0.149"
"GO:0000813"	"ESCRT I complex"	"-0.15"
"GO:0060091"	"kinocilium"	"-0.153"
"GO:0005614"	"interstitial matrix"	"-0.158"
"GO:1990843"	"subsarcolemmal mitochondrion"	"-0.159"
"GO:1990844"	"interfibrillar mitochondrion"	"-0.159"
"GO:0097575"	"lateral cell cortex"	"-0.177"
"GO:0035371"	"microtubule plus-end"	"-0.185"
"GO:0005724"	"nuclear telomeric heterochromatin"	"-0.191"
"GO:0005668"	"RNA polymerase transcription factor SL1 complex"	"-0.201"
"GO:0009328"	"phenylalanine-tRNA ligase complex"	"-0.208"
"GO:0034708"	"methyltransferase complex"	"-0.209"
"GO:1902773"	"GTPase activator complex"	"-0.212"
"GO:0019907"	"cyclin-dependent protein kinase activating kinase holoenzyme complex"	"-0.217"
"GO:1990071"	"TRAPPII protein complex"	"-0.228"
"GO:0031205"	"endoplasmic reticulum Sec complex"	"-0.231"
"GO:0033503"	"HULC complex"	"-0.236"
"GO:0070195"	"growth hormone receptor complex"	"-0.236"
"GO:1990454"	"L-type voltage-gated calcium channel complex"	"-0.238"
"GO:0070985"	"TFIIK complex"	"-0.239"
"GO:0036513"	"Derlin-1 retrotranslocation complex"	"-0.241"
"GO:0030867"	"rough endoplasmic reticulum membrane"	"-0.26"
"GO:0030014"	"CCR4-NOT complex"	"-0.263"
"GO:0032419"	"extrinsic component of lysosome membrane"	"-0.267"
"GO:0000438"	"core TFIIH complex portion of holo TFIIH complex"	"-0.272"
"GO:0032473"	"cytoplasmic side of mitochondrial outer membrane"	"-0.272"
"GO:0099400"	"caveola neck"	"-0.272"
"GO:0033185"	"dolichol-phosphate-mannose synthase complex"	"-0.273"
"GO:0032591"	"dendritic spine membrane"	"-0.283"
"GO:0061673"	"mitotic spindle astral microtubule"	"-0.284"
"GO:0016938"	"kinesin I complex"	"-0.291"
"GO:0005811"	"lipid particle"	"-0.292"
"GO:0097422"	"tubular endosome"	"-0.295"
"GO:1990635"	"proximal dendrite"	"-0.318"
"GO:0005672"	"transcription factor TFIIA complex"	"-0.328"
"GO:0000125"	"PCAF complex"	"-0.341"
"GO:0019035"	"viral integration complex"	"-0.341"
"GO:0035686"	"sperm fibrous sheath"	"-0.361"
"GO:0016035"	"zeta DNA polymerase complex"	"-0.363"
"GO:0099512"	"supramolecular fiber"	"-0.363"
"GO:1904724"	"tertiary granule lumen"	"-0.363"
"GO:0044545"	"NSL complex"	"-0.368"
"GO:0030684"	"preribosome"	"-0.371"
"GO:0042175"	"nuclear outer membrane-endoplasmic reticulum membrane network"	"-0.372"
"GO:0098577"	"inactive sex chromosome"	"-0.373"
"GO:1990357"	"terminal web"	"-0.376"
"GO:0030905"	"retromer, tubulation complex"	"-0.378"
"GO:0036195"	"muscle cell projection membrane"	"-0.379"
"GO:0097418"	"neurofibrillary tangle"	"-0.379"
"GO:0035339"	"SPOTS complex"	"-0.385"
"GO:0030678"	"mitochondrial ribonuclease P complex"	"-0.386"
"GO:0000243"	"commitment complex"	"-0.388"
"GO:0032937"	"SREBP-SCAP-Insig complex"	"-0.389"
"GO:0005798"	"Golgi-associated vesicle"	"-0.392"
"GO:0000778"	"condensed nuclear chromosome kinetochore"	"-0.393"
"GO:0072380"	"TRC complex"	"-0.393"
"GO:0031526"	"brush border membrane"	"-0.394"
"GO:0030485"	"smooth muscle contractile fiber"	"-0.395"
"GO:0061574"	"ASAP complex"	"-0.4"
"GO:0038037"	"G-protein coupled receptor dimeric complex"	"-0.401"
"GO:0038038"	"G-protein coupled receptor homodimeric complex"	"-0.401"
"GO:0005779"	"integral component of peroxisomal membrane"	"-0.402"
"GO:0005785"	"signal recognition particle receptor complex"	"-0.404"
"GO:0005744"	"mitochondrial inner membrane presequence translocase complex"	"-0.414"
"GO:0150056"	NA	"-0.414"
"GO:0150058"	NA	"-0.427"
"GO:0035517"	"PR-DUB complex"	"-0.432"
"GO:0043265"	"ectoplasm"	"-0.436"
"GO:0017087"	"mitochondrial processing peptidase complex"	"-0.439"
"GO:0120103"	NA	"-0.442"
"GO:0000781"	"chromosome, telomeric region"	"-0.444"
"GO:0098890"	"extrinsic component of postsynaptic membrane"	"-0.449"
"GO:0034704"	"calcium channel complex"	"-0.45"
"GO:0071920"	"cleavage body"	"-0.453"
"GO:0150057"	NA	"-0.457"
"GO:0000793"	"condensed chromosome"	"-0.458"
"GO:0034457"	"Mpp10 complex"	"-0.458"
"GO:0034359"	"mature chylomicron"	"-0.459"
"GO:0034360"	"chylomicron remnant"	"-0.459"
"GO:0030140"	"trans-Golgi network transport vesicle"	"-0.463"
"GO:0097487"	"multivesicular body, internal vesicle"	"-0.467"
"GO:0001772"	"immunological synapse"	"-0.469"
"GO:0000922"	"spindle pole"	"-0.47"
"GO:1990723"	"cytoplasmic periphery of the nuclear pore complex"	"-0.471"
"GO:0034709"	"methylosome"	"-0.475"
"GO:1990565"	"HSP90-CDC37 chaperone complex"	"-0.476"
"GO:0000783"	"nuclear telomere cap complex"	"-0.48"
"GO:0031838"	"haptoglobin-hemoglobin complex"	"-0.482"
"GO:0000942"	"condensed nuclear chromosome outer kinetochore"	"-0.49"
"GO:0008537"	"proteasome activator complex"	"-0.49"
"GO:0000939"	"condensed chromosome inner kinetochore"	"-0.495"
"GO:0044294"	"dendritic growth cone"	"-0.497"
"GO:0042405"	"nuclear inclusion body"	"-0.504"
"GO:0099738"	"cell cortex region"	"-0.505"
"GO:1990667"	"PCSK9-AnxA2 complex"	"-0.506"
"GO:0070695"	"FHF complex"	"-0.509"
"GO:0034663"	"endoplasmic reticulum chaperone complex"	"-0.513"
"GO:0016586"	"RSC complex"	"-0.514"
"GO:0002102"	"podosome"	"-0.522"
"GO:0005862"	"muscle thin filament tropomyosin"	"-0.528"
"GO:0005793"	"endoplasmic reticulum-Golgi intermediate compartment"	"-0.532"
"GO:0005955"	"calcineurin complex"	"-0.533"
"GO:0032389"	"MutLalpha complex"	"-0.535"
"GO:0071541"	"eukaryotic translation initiation factor 3 complex, eIF3m"	"-0.536"
"GO:0042565"	"RNA nuclear export complex"	"-0.537"
"GO:0031461"	"cullin-RING ubiquitin ligase complex"	"-0.541"
"GO:0032545"	"CURI complex"	"-0.541"
"GO:0034456"	"UTP-C complex"	"-0.541"
"GO:0000808"	"origin recognition complex"	"-0.542"
"GO:0005795"	"Golgi stack"	"-0.542"
"GO:0000791"	"euchromatin"	"-0.545"
"GO:0034366"	"spherical high-density lipoprotein particle"	"-0.547"
"GO:0099078"	"BORC complex"	"-0.548"
"GO:0034669"	"integrin alpha4-beta7 complex"	"-0.55"
"GO:0097226"	"sperm mitochondrial sheath"	"-0.552"
"GO:0008274"	"gamma-tubulin ring complex"	"-0.556"
"GO:0070469"	"respiratory chain"	"-0.557"
"GO:0000235"	"astral microtubule"	"-0.566"
"GO:0005954"	"calcium- and calmodulin-dependent protein kinase complex"	"-0.57"
"GO:0005865"	"striated muscle thin filament"	"-0.573"
"GO:0005832"	"chaperonin-containing T-complex"	"-0.577"
"GO:0016460"	"myosin II complex"	"-0.577"
"GO:0030286"	"dynein complex"	"-0.583"
"GO:0032009"	"early phagosome"	"-0.584"
"GO:0016013"	"syntrophin complex"	"-0.585"
"GO:0019815"	"B cell receptor complex"	"-0.593"
"GO:0070461"	"SAGA-type complex"	"-0.597"
"GO:0101031"	NA	"-0.6"
"GO:0032302"	"MutSbeta complex"	"-0.605"
"GO:0017177"	"glucosidase II complex"	"-0.612"
"GO:0032584"	"growth cone membrane"	"-0.613"
"GO:0042824"	"MHC class I peptide loading complex"	"-0.616"
"GO:0032592"	"integral component of mitochondrial membrane"	"-0.627"
"GO:0031261"	"DNA replication preinitiation complex"	"-0.631"
"GO:0001401"	"mitochondrial sorting and assembly machinery complex"	"-0.633"
"GO:0000159"	"protein phosphatase type 2A complex"	"-0.637"
"GO:1990630"	"IRE1-RACK1-PP2A complex"	"-0.637"
"GO:0031314"	"extrinsic component of mitochondrial inner membrane"	"-0.646"
"GO:0031514"	"motile cilium"	"-0.646"
"GO:0005869"	"dynactin complex"	"-0.647"
"GO:0000111"	"nucleotide-excision repair factor 2 complex"	"-0.665"
"GO:0000836"	"Hrd1p ubiquitin ligase complex"	"-0.672"
"GO:0005895"	"interleukin-5 receptor complex"	"-0.676"
"GO:0071001"	"U4/U6 snRNP"	"-0.684"
"GO:0020005"	"symbiont-containing vacuole membrane"	"-0.691"
"GO:0044309"	"neuron spine"	"-0.691"
"GO:1904115"	"axon cytoplasm"	"-0.693"
"GO:0030914"	"STAGA complex"	"-0.697"
"GO:0070938"	"contractile ring"	"-0.704"
"GO:0098839"	"postsynaptic density membrane"	"-0.72"
"GO:0098691"	NA	"-0.722"
"GO:0031592"	"centrosomal corona"	"-0.723"
"GO:0035101"	"FACT complex"	"-0.725"
"GO:0097224"	"sperm connecting piece"	"-0.725"
"GO:0032045"	"guanyl-nucleotide exchange factor complex"	"-0.729"
"GO:0098833"	"presynaptic endocytic zone"	"-0.731"
"GO:0005847"	"mRNA cleavage and polyadenylation specificity factor complex"	"-0.736"
"GO:0097632"	"extrinsic component of pre-autophagosomal structure membrane"	"-0.737"
"GO:0098826"	"endoplasmic reticulum tubular network membrane"	"-0.737"
"GO:0097513"	"myosin II filament"	"-0.743"
"GO:0099523"	"presynaptic cytosol"	"-0.743"
"GO:0017059"	"serine C-palmitoyltransferase complex"	"-0.746"
"GO:0070776"	"MOZ/MORF histone acetyltransferase complex"	"-0.75"
"GO:0034515"	"proteasome storage granule"	"-0.753"
"GO:0044300"	"cerebellar mossy fiber"	"-0.755"
"GO:0000938"	"GARP complex"	"-0.764"
"GO:0000145"	"exocyst"	"-0.768"
"GO:0005850"	"eukaryotic translation initiation factor 2 complex"	"-0.77"
"GO:0031313"	"extrinsic component of endosome membrane"	"-0.771"
"GO:0097635"	"extrinsic component of autophagosome membrane"	"-0.785"
"GO:0005883"	"neurofilament"	"-0.787"
"GO:0097679"	"other organism cytoplasm"	"-0.787"
"GO:0097433"	"dense body"	"-0.794"
"GO:0031510"	"SUMO activating enzyme complex"	"-0.795"
"GO:0071006"	"U2-type catalytic step 1 spliceosome"	"-0.796"
"GO:0005712"	"chiasma"	"-0.801"
"GO:0005715"	"late recombination nodule"	"-0.801"
"GO:0005757"	"mitochondrial permeability transition pore complex"	"-0.801"
"GO:0005664"	"nuclear origin of replication recognition complex"	"-0.803"
"GO:0030135"	"coated vesicle"	"-0.82"
"GO:0035267"	"NuA4 histone acetyltransferase complex"	"-0.822"
"GO:1990393"	"3M complex"	"-0.823"
"GO:0005656"	"nuclear pre-replicative complex"	"-0.827"
"GO:0034719"	"SMN-Sm protein complex"	"-0.833"
"GO:0005940"	"septin ring"	"-0.835"
"GO:0031105"	"septin complex"	"-0.835"
"GO:0032160"	"septin filament array"	"-0.835"
"GO:0042272"	"nuclear RNA export factor complex"	"-0.84"
"GO:0031391"	"Elg1 RFC-like complex"	"-0.841"
"GO:0031251"	"PAN complex"	"-0.845"
"GO:0005742"	"mitochondrial outer membrane translocase complex"	"-0.847"
"GO:0009330"	"DNA topoisomerase complex (ATP-hydrolyzing)"	"-0.851"
"GO:0031307"	"integral component of mitochondrial outer membrane"	"-0.853"
"GO:0031089"	"platelet dense granule lumen"	"-0.858"
"GO:0000137"	"Golgi cis cisterna"	"-0.861"
"GO:0097165"	"nuclear stress granule"	"-0.864"
"GO:0032301"	"MutSalpha complex"	"-0.87"
"GO:0030663"	"COPI-coated vesicle membrane"	"-0.876"
"GO:0097444"	"spine apparatus"	"-0.878"
"GO:0044322"	"endoplasmic reticulum quality control compartment"	"-0.881"
"GO:0030173"	"integral component of Golgi membrane"	"-0.886"
"GO:0030692"	"Noc4p-Nop14p complex"	"-0.895"
"GO:0042627"	"chylomicron"	"-0.897"
"GO:0042612"	"MHC class I protein complex"	"-0.898"
"GO:0000214"	"tRNA-intron endonuclease complex"	"-0.9"
"GO:0043196"	"varicosity"	"-0.901"
"GO:0005575"	"cellular_component"	"-0.903"
"GO:0005854"	"nascent polypeptide-associated complex"	"-0.905"
"GO:0001750"	"photoreceptor outer segment"	"-0.911"
"GO:0043204"	"perikaryon"	"-0.918"
"GO:0030016"	"myofibril"	"-0.926"
"GO:0030139"	"endocytic vesicle"	"-0.931"
"GO:0030897"	"HOPS complex"	"-0.931"
"GO:0036126"	"sperm flagellum"	"-0.938"
"GO:0030123"	"AP-3 adaptor complex"	"-0.94"
"GO:0044307"	"dendritic branch"	"-0.943"
"GO:0042589"	"zymogen granule membrane"	"-0.945"
"GO:0001405"	"presequence translocase-associated import motor"	"-0.947"
"GO:0098575"	"lumenal side of lysosomal membrane"	"-0.947"
"GO:0005833"	"hemoglobin complex"	"-0.962"
"GO:0071986"	"Ragulator complex"	"-0.969"
"GO:0061825"	NA	"-0.971"
"GO:0005674"	"transcription factor TFIIF complex"	"-0.973"
"GO:0030122"	"AP-2 adaptor complex"	"-0.979"
"GO:0042584"	"chromaffin granule membrane"	"-0.979"
"GO:0071011"	"precatalytic spliceosome"	"-0.981"
"GO:0008622"	"epsilon DNA polymerase complex"	"-0.987"
"GO:0044754"	"autolysosome"	"-0.989"
"GO:0045178"	"basal part of cell"	"-1.001"
"GO:0030015"	"CCR4-NOT core complex"	"-1.015"
"GO:0034362"	"low-density lipoprotein particle"	"-1.02"
"GO:0034361"	"very-low-density lipoprotein particle"	"-1.024"
"GO:0035770"	"ribonucleoprotein granule"	"-1.03"
"GO:0005675"	"holo TFIIH complex"	"-1.032"
"GO:0035578"	"azurophil granule lumen"	"-1.033"
"GO:0090734"	NA	"-1.034"
"GO:0030137"	"COPI-coated vesicle"	"-1.04"
"GO:0000221"	"vacuolar proton-transporting V-type ATPase, V1 domain"	"-1.041"
"GO:0045298"	"tubulin complex"	"-1.042"
"GO:0030119"	"AP-type membrane coat adaptor complex"	"-1.051"
"GO:0044233"	"ER-mitochondrion membrane contact site"	"-1.054"
"GO:0030690"	"Noc1p-Noc2p complex"	"-1.056"
"GO:0030691"	"Noc2p-Noc3p complex"	"-1.056"
"GO:0034751"	"aryl hydrocarbon receptor complex"	"-1.065"
"GO:0005623"	"cell"	"-1.07"
"GO:1990023"	"mitotic spindle midzone"	"-1.081"
"GO:0042581"	"specific granule"	"-1.083"
"GO:0009897"	"external side of plasma membrane"	"-1.087"
"GO:0070761"	"pre-snoRNP complex"	"-1.094"
"GO:0030425"	"dendrite"	"-1.101"
"GO:0031429"	"box H/ACA snoRNP complex"	"-1.103"
"GO:0090724"	NA	"-1.124"
"GO:0001891"	"phagocytic cup"	"-1.13"
"GO:0033181"	"plasma membrane proton-transporting V-type ATPase complex"	"-1.139"
"GO:0005801"	"cis-Golgi network"	"-1.146"
"GO:0099631"	"postsynaptic endocytic zone cytoplasmic component"	"-1.146"
"GO:0033276"	"transcription factor TFTC complex"	"-1.163"
"GO:0042101"	"T cell receptor complex"	"-1.163"
"GO:0033018"	"sarcoplasmic reticulum lumen"	"-1.164"
"GO:0005967"	"mitochondrial pyruvate dehydrogenase complex"	"-1.168"
"GO:0016222"	"procollagen-proline 4-dioxygenase complex"	"-1.169"
"GO:0005853"	"eukaryotic translation elongation factor 1 complex"	"-1.171"
"GO:0032300"	"mismatch repair complex"	"-1.172"
"GO:1904949"	"ATPase complex"	"-1.186"
"GO:0030660"	"Golgi-associated vesicle membrane"	"-1.189"
"GO:0032281"	"AMPA glutamate receptor complex"	"-1.19"
"GO:0070044"	"synaptobrevin 2-SNAP-25-syntaxin-1a complex"	"-1.19"
"GO:0043159"	"acrosomal matrix"	"-1.192"
"GO:0044305"	"calyx of Held"	"-1.197"
"GO:0005746"	"mitochondrial respiratory chain"	"-1.204"
"GO:0070939"	"Dsl1/NZR complex"	"-1.205"
"GO:0097125"	"cyclin B1-CDK1 complex"	"-1.222"
"GO:1990730"	"VCP-NSFL1C complex"	"-1.234"
"GO:0016461"	"unconventional myosin complex"	"-1.235"
"GO:0044327"	"dendritic spine head"	"-1.239"
"GO:0097449"	"astrocyte projection"	"-1.24"
"GO:0000812"	"Swr1 complex"	"-1.242"
"GO:0005638"	"lamin filament"	"-1.252"
"GO:0070382"	"exocytic vesicle"	"-1.253"
"GO:1990917"	"ooplasm"	"-1.269"
"GO:0000788"	"nuclear nucleosome"	"-1.274"
"GO:0033179"	"proton-transporting V-type ATPase, V0 domain"	"-1.276"
"GO:0036464"	"cytoplasmic ribonucleoprotein granule"	"-1.277"
"GO:1990913"	"sperm head plasma membrane"	"-1.277"
"GO:0072589"	"box H/ACA scaRNP complex"	"-1.279"
"GO:0090661"	"box H/ACA telomerase RNP complex"	"-1.279"
"GO:0048787"	"presynaptic active zone membrane"	"-1.283"
"GO:0042643"	"actomyosin, actin portion"	"-1.284"
"GO:0097452"	"GAIT complex"	"-1.284"
"GO:0005753"	"mitochondrial proton-transporting ATP synthase complex"	"-1.285"
"GO:1990423"	"RZZ complex"	"-1.287"
"GO:0055037"	"recycling endosome"	"-1.29"
"GO:0070033"	"synaptobrevin 2-SNAP-25-syntaxin-1a-complexin II complex"	"-1.292"
"GO:0042582"	"azurophil granule"	"-1.293"
"GO:0034993"	"LINC complex"	"-1.297"
"GO:0035061"	"interchromatin granule"	"-1.297"
"GO:0098554"	"cytoplasmic side of endoplasmic reticulum membrane"	"-1.303"
"GO:0031965"	"nuclear membrane"	"-1.306"
"GO:0005774"	"vacuolar membrane"	"-1.307"
"GO:0042645"	"mitochondrial nucleoid"	"-1.311"
"GO:0048269"	"methionine adenosyltransferase complex"	"-1.316"
"GO:0072686"	"mitotic spindle"	"-1.327"
"GO:0000407"	"pre-autophagosomal structure"	"-1.334"
"GO:0005663"	"DNA replication factor C complex"	"-1.334"
"GO:0097525"	"spliceosomal snRNP complex"	"-1.335"
"GO:0005641"	"nuclear envelope lumen"	"-1.34"
"GO:0005642"	"annulate lamellae"	"-1.341"
"GO:0089701"	"U2AF"	"-1.341"
"GO:0098559"	"cytoplasmic side of early endosome membrane"	"-1.346"
"GO:0005819"	"spindle"	"-1.357"
"GO:0034045"	"pre-autophagosomal structure membrane"	"-1.361"
"GO:0001739"	"sex chromatin"	"-1.367"
"GO:0042629"	"mast cell granule"	"-1.375"
"GO:0033178"	"proton-transporting two-sector ATPase complex, catalytic domain"	"-1.376"
"GO:0000818"	"nuclear MIS12/MIND complex"	"-1.398"
"GO:0034715"	"pICln-Sm protein complex"	"-1.401"
"GO:0005758"	"mitochondrial intermembrane space"	"-1.403"
"GO:0071065"	"alpha9-beta1 integrin-vascular cell adhesion molecule-1 complex"	"-1.421"
"GO:0043625"	"delta DNA polymerase complex"	"-1.434"
"GO:0098842"	"postsynaptic early endosome"	"-1.441"
"GO:0000015"	"phosphopyruvate hydratase complex"	"-1.455"
"GO:0098556"	"cytoplasmic side of rough endoplasmic reticulum membrane"	"-1.461"
"GO:0019898"	"extrinsic component of membrane"	"-1.464"
"GO:0030904"	"retromer complex"	"-1.465"
"GO:0036020"	"endolysosome membrane"	"-1.471"
"GO:0008076"	"voltage-gated potassium channel complex"	"-1.475"
"GO:0034363"	"intermediate-density lipoprotein particle"	"-1.482"
"GO:0016010"	"dystrophin-associated glycoprotein complex"	"-1.484"
"GO:0032593"	"insulin-responsive compartment"	"-1.484"
"GO:0016272"	"prefoldin complex"	"-1.488"
"GO:0005827"	"polar microtubule"	"-1.493"
"GO:0015934"	"large ribosomal subunit"	"-1.496"
"GO:0005694"	"chromosome"	"-1.507"
"GO:0000127"	"transcription factor TFIIIC complex"	"-1.508"
"GO:0044304"	"main axon"	"-1.513"
"GO:0000124"	"SAGA complex"	"-1.522"
"GO:0034271"	"phosphatidylinositol 3-kinase complex, class III, type I"	"-1.525"
"GO:0034272"	"phosphatidylinositol 3-kinase complex, class III, type II"	"-1.525"
"GO:0097225"	"sperm midpiece"	"-1.528"
"GO:0036477"	"somatodendritic compartment"	"-1.534"
"GO:0035861"	"site of double-strand break"	"-1.535"
"GO:0034455"	"t-UTP complex"	"-1.538"
"GO:0017101"	"aminoacyl-tRNA synthetase multienzyme complex"	"-1.54"
"GO:0030125"	"clathrin vesicle coat"	"-1.55"
"GO:0031045"	"dense core granule"	"-1.558"
"GO:0061827"	NA	"-1.567"
"GO:0070545"	"PeBoW complex"	"-1.572"
"GO:0022626"	"cytosolic ribosome"	"-1.585"
"GO:0031428"	"box C/D snoRNP complex"	"-1.599"
"GO:0005852"	"eukaryotic translation initiation factor 3 complex"	"-1.603"
"GO:1990111"	"spermatoproteasome complex"	"-1.604"
"GO:0000110"	"nucleotide-excision repair factor 1 complex"	"-1.607"
"GO:1990904"	"ribonucleoprotein complex"	"-1.614"
"GO:0070852"	"cell body fiber"	"-1.616"
"GO:0005945"	"6-phosphofructokinase complex"	"-1.619"
"GO:0005958"	"DNA-dependent protein kinase-DNA ligase 4 complex"	"-1.629"
"GO:0098837"	"postsynaptic recycling endosome"	"-1.629"
"GO:0000228"	"nuclear chromosome"	"-1.632"
"GO:0030667"	"secretory granule membrane"	"-1.639"
"GO:0071782"	"endoplasmic reticulum tubular network"	"-1.642"
"GO:0042555"	"MCM complex"	"-1.643"
"GO:0048500"	"signal recognition particle"	"-1.644"
"GO:0005690"	"U4atac snRNP"	"-1.649"
"GO:0098574"	"cytoplasmic side of lysosomal membrane"	"-1.654"
"GO:0035253"	"ciliary rootlet"	"-1.657"
"GO:0002199"	"zona pellucida receptor complex"	"-1.658"
"GO:0030136"	"clathrin-coated vesicle"	"-1.658"
"GO:0000444"	"MIS12/MIND type complex"	"-1.662"
"GO:1990761"	"growth cone lamellipodium"	"-1.662"
"GO:0005929"	"cilium"	"-1.669"
"GO:1990498"	"mitotic spindle microtubule"	"-1.669"
"GO:1990124"	"messenger ribonucleoprotein complex"	"-1.672"
"GO:0016469"	"proton-transporting two-sector ATPase complex"	"-1.676"
"GO:0030176"	"integral component of endoplasmic reticulum membrane"	"-1.68"
"GO:0032777"	"Piccolo NuA4 histone acetyltransferase complex"	"-1.681"
"GO:0035032"	"phosphatidylinositol 3-kinase complex, class III"	"-1.683"
"GO:0030126"	"COPI vesicle coat"	"-1.693"
"GO:0031224"	"intrinsic component of membrane"	"-1.698"
"GO:0097546"	"ciliary base"	"-1.702"
"GO:0005868"	"cytoplasmic dynein complex"	"-1.704"
"GO:0070032"	"synaptobrevin 2-SNAP-25-syntaxin-1a-complexin I complex"	"-1.704"
"GO:0000784"	"nuclear chromosome, telomeric region"	"-1.705"
"GO:0005686"	"U2 snRNP"	"-1.706"
"GO:0045334"	"clathrin-coated endocytic vesicle"	"-1.707"
"GO:0000800"	"lateral element"	"-1.709"
"GO:0098844"	"postsynaptic endocytic zone membrane"	"-1.71"
"GO:0030131"	"clathrin adaptor complex"	"-1.712"
"GO:1990812"	"growth cone filopodium"	"-1.712"
"GO:0008250"	"oligosaccharyltransferase complex"	"-1.713"
"GO:0005828"	"kinetochore microtubule"	"-1.717"
"GO:0101003"	"ficolin-1-rich granule membrane"	"-1.717"
"GO:0012506"	"vesicle membrane"	"-1.723"
"GO:1902494"	"catalytic complex"	"-1.723"
"GO:0005669"	"transcription factor TFIID complex"	"-1.724"
"GO:0031262"	"Ndc80 complex"	"-1.725"
"GO:0098686"	NA	"-1.727"
"GO:0000815"	"ESCRT III complex"	"-1.729"
"GO:0033116"	"endoplasmic reticulum-Golgi intermediate compartment membrane"	"-1.734"
"GO:0000796"	"condensin complex"	"-1.741"
"GO:0055038"	"recycling endosome membrane"	"-1.741"
"GO:0030134"	"ER to Golgi transport vesicle"	"-1.751"
"GO:0070436"	"Grb2-EGFR complex"	"-1.751"
"GO:0005778"	"peroxisomal membrane"	"-1.767"
"GO:0045120"	"pronucleus"	"-1.778"
"GO:0005844"	"polysome"	"-1.779"
"GO:0005930"	"axoneme"	"-1.779"
"GO:0000126"	"transcription factor TFIIIB complex"	"-1.788"
"GO:0030017"	"sarcomere"	"-1.801"
"GO:0005783"	"endoplasmic reticulum"	"-1.802"
"GO:0030121"	"AP-1 adaptor complex"	"-1.803"
"GO:0042105"	"alpha-beta T cell receptor complex"	"-1.816"
"GO:0010494"	"cytoplasmic stress granule"	"-1.821"
"GO:0045252"	"oxoglutarate dehydrogenase complex"	"-1.821"
"GO:0000930"	"gamma-tubulin complex"	"-1.825"
"GO:0097228"	"sperm principal piece"	"-1.83"
"GO:1902912"	"pyruvate kinase complex"	"-1.834"
"GO:0005840"	"ribosome"	"-1.835"
"GO:0030117"	"membrane coat"	"-1.837"
"GO:0005790"	"smooth endoplasmic reticulum"	"-1.838"
"GO:0005750"	"mitochondrial respiratory chain complex III"	"-1.839"
"GO:0019773"	"proteasome core complex, alpha-subunit complex"	"-1.842"
"GO:0005768"	"endosome"	"-1.849"
"GO:0000220"	"vacuolar proton-transporting V-type ATPase, V0 domain"	"-1.852"
"GO:0000176"	"nuclear exosome (RNase complex)"	"-1.853"
"GO:0032580"	"Golgi cisterna membrane"	"-1.862"
"GO:0034991"	"nuclear meiotic cohesin complex"	"-1.863"
"GO:0000940"	"condensed chromosome outer kinetochore"	"-1.864"
"GO:0071817"	"MMXD complex"	"-1.866"
"GO:0030479"	"actin cortical patch"	"-1.871"
"GO:0044530"	"supraspliceosomal complex"	"-1.876"
"GO:0035068"	"micro-ribonucleoprotein complex"	"-1.879"
"GO:0099061"	"integral component of postsynaptic density membrane"	"-1.886"
"GO:0000347"	"THO complex"	"-1.899"
"GO:0005871"	"kinesin complex"	"-1.9"
"GO:0031904"	"endosome lumen"	"-1.915"
"GO:0097227"	"sperm annulus"	"-1.915"
"GO:0061202"	"clathrin-sculpted gamma-aminobutyric acid transport vesicle membrane"	"-1.919"
"GO:0070578"	"RISC-loading complex"	"-1.919"
"GO:0000109"	"nucleotide-excision repair complex"	"-1.928"
"GO:0018444"	"translation release factor complex"	"-1.936"
"GO:0005782"	"peroxisomal matrix"	"-1.943"
"GO:0044306"	"neuron projection terminus"	"-1.962"
"GO:0000177"	"cytoplasmic exosome (RNase complex)"	"-1.97"
"GO:0098981"	"cholinergic synapse"	"-1.973"
"GO:0043198"	"dendritic shaft"	"-1.977"
"GO:0001651"	"dense fibrillar component"	"-1.978"
"GO:0031595"	"nuclear proteasome complex"	"-1.979"
"GO:0071014"	"post-mRNA release spliceosomal complex"	"-2.023"
"GO:0042734"	"presynaptic membrane"	"-2.029"
"GO:0016234"	"inclusion body"	"-2.033"
"GO:0046930"	"pore complex"	"-2.044"
"GO:0005791"	"rough endoplasmic reticulum"	"-2.048"
"GO:0031083"	"BLOC-1 complex"	"-2.049"
"GO:0097431"	"mitotic spindle pole"	"-2.049"
"GO:0005851"	"eukaryotic translation initiation factor 2B complex"	"-2.05"
"GO:0005846"	"nuclear cap binding complex"	"-2.056"
"GO:0000445"	"THO complex part of transcription export complex"	"-2.059"
"GO:0031209"	"SCAR complex"	"-2.062"
"GO:0005658"	"alpha DNA polymerase:primase complex"	"-2.069"
"GO:0000242"	"pericentriolar material"	"-2.071"
"GO:0030992"	"intraciliary transport particle B"	"-2.083"
"GO:0033290"	"eukaryotic 48S preinitiation complex"	"-2.083"
"GO:0070522"	"ERCC4-ERCC1 complex"	"-2.099"
"GO:0090543"	"Flemming body"	"-2.102"
"GO:0031298"	"replication fork protection complex"	"-2.106"
"GO:0034364"	"high-density lipoprotein particle"	"-2.108"
"GO:0048786"	"presynaptic active zone"	"-2.113"
"GO:0032279"	"asymmetric synapse"	"-2.127"
"GO:0000421"	"autophagosome membrane"	"-2.13"
"GO:0061700"	"GATOR2 complex"	"-2.132"
"GO:0001520"	"outer dense fiber"	"-2.138"
"GO:0098835"	"presynaptic endocytic zone membrane"	"-2.154"
"GO:0032433"	"filopodium tip"	"-2.169"
"GO:0070971"	"endoplasmic reticulum exit site"	"-2.169"
"GO:0001652"	"granular component"	"-2.181"
"GO:0030008"	"TRAPP complex"	"-2.183"
"GO:0030478"	"actin cap"	"-2.184"
"GO:0030688"	"preribosome, small subunit precursor"	"-2.193"
"GO:0005777"	"peroxisome"	"-2.21"
"GO:0000178"	"exosome (RNase complex)"	"-2.23"
"GO:0044297"	"cell body"	"-2.235"
"GO:0071942"	"XPC complex"	"-2.275"
"GO:0005905"	"clathrin-coated pit"	"-2.281"
"GO:0030870"	"Mre11 complex"	"-2.291"
"GO:0030659"	"cytoplasmic vesicle membrane"	"-2.292"
"GO:0030658"	"transport vesicle membrane"	"-2.296"
"GO:0034518"	"RNA cap binding complex"	"-2.299"
"GO:0071682"	"endocytic vesicle lumen"	"-2.313"
"GO:0030118"	"clathrin coat"	"-2.325"
"GO:0072562"	"blood microparticle"	"-2.328"
"GO:0032391"	"photoreceptor connecting cilium"	"-2.335"
"GO:0097539"	"ciliary transition fiber"	"-2.337"
"GO:0098993"	"anchored component of synaptic vesicle membrane"	"-2.337"
"GO:0070821"	"tertiary granule membrane"	"-2.339"
"GO:0098850"	"extrinsic component of synaptic vesicle membrane"	"-2.346"
"GO:0042622"	"photoreceptor outer segment membrane"	"-2.359"
"GO:0070187"	"telosome"	"-2.366"
"GO:0005784"	"Sec61 translocon complex"	"-2.369"
"GO:0031305"	"integral component of mitochondrial inner membrane"	"-2.369"
"GO:0036064"	"ciliary basal body"	"-2.373"
"GO:0005813"	"centrosome"	"-2.375"
"GO:0030127"	"COPII vesicle coat"	"-2.376"
"GO:0031597"	"cytosolic proteasome complex"	"-2.395"
"GO:0000776"	"kinetochore"	"-2.401"
"GO:0005786"	"signal recognition particle, endoplasmic reticulum targeting"	"-2.402"
"GO:0034399"	"nuclear periphery"	"-2.431"
"GO:0042571"	"immunoglobulin complex, circulating"	"-2.446"
"GO:0071008"	"U2-type post-mRNA release spliceosomal complex"	"-2.448"
"GO:0016281"	"eukaryotic translation initiation factor 4F complex"	"-2.462"
"GO:0032590"	"dendrite membrane"	"-2.463"
"GO:0030893"	"meiotic cohesin complex"	"-2.473"
"GO:0030670"	"phagocytic vesicle membrane"	"-2.481"
"GO:0031966"	"mitochondrial membrane"	"-2.496"
"GO:0005635"	"nuclear envelope"	"-2.51"
"GO:0034451"	"centriolar satellite"	"-2.517"
"GO:0005764"	"lysosome"	"-2.529"
"GO:0045095"	"keratin filament"	"-2.53"
"GO:0000775"	"chromosome, centromeric region"	"-2.536"
"GO:0000795"	"synaptonemal complex"	"-2.572"
"GO:0033391"	"chromatoid body"	"-2.623"
"GO:0036128"	"CatSper complex"	"-2.642"
"GO:0005732"	"small nucleolar ribonucleoprotein complex"	"-2.647"
"GO:0030132"	"clathrin coat of coated pit"	"-2.651"
"GO:0008180"	"COP9 signalosome"	"-2.669"
"GO:0016282"	"eukaryotic 43S preinitiation complex"	"-2.708"
"GO:0060170"	"ciliary membrane"	"-2.738"
"GO:0000794"	"condensed nuclear chromosome"	"-2.739"
"GO:0072687"	"meiotic spindle"	"-2.755"
"GO:0071556"	"integral component of lumenal side of endoplasmic reticulum membrane"	"-2.764"
"GO:0001673"	"male germ cell nucleus"	"-2.767"
"GO:0035577"	"azurophil granule membrane"	"-2.77"
"GO:0005952"	"cAMP-dependent protein kinase complex"	"-2.795"
"GO:0005751"	"mitochondrial respiratory chain complex IV"	"-2.839"
"GO:0031080"	"nuclear pore outer ring"	"-2.845"
"GO:0005683"	"U7 snRNP"	"-2.871"
"GO:0099055"	"integral component of postsynaptic membrane"	"-2.873"
"GO:0008540"	"proteasome regulatory particle, base subcomplex"	"-2.878"
"GO:0070652"	"HAUS complex"	"-2.894"
"GO:0005838"	"proteasome regulatory particle"	"-2.905"
"GO:0031390"	"Ctf18 RFC-like complex"	"-2.908"
"GO:0030686"	"90S preribosome"	"-2.914"
"GO:0005687"	"U4 snRNP"	"-2.92"
"GO:0005682"	"U5 snRNP"	"-2.942"
"GO:0043195"	"terminal bouton"	"-2.942"
"GO:0005802"	"trans-Golgi network"	"-2.946"
"GO:0033180"	"proton-transporting V-type ATPase, V1 domain"	"-2.949"
"GO:0035579"	"specific granule membrane"	"-2.95"
"GO:0005689"	"U12-type spliceosomal complex"	"-2.982"
"GO:0043209"	"myelin sheath"	"-3.053"
"GO:0005789"	"endoplasmic reticulum membrane"	"-3.061"
"GO:0008278"	"cohesin complex"	"-3.069"
"GO:0016471"	"vacuolar proton-transporting V-type ATPase complex"	"-3.098"
"GO:0030672"	"synaptic vesicle membrane"	"-3.099"
"GO:0005730"	"nucleolus"	"-3.107"
"GO:0071005"	"U2-type precatalytic spliceosome"	"-3.131"
"GO:0043186"	"P granule"	"-3.145"
"GO:0045254"	"pyruvate dehydrogenase complex"	"-3.154"
"GO:0030532"	"small nuclear ribonucleoprotein complex"	"-3.158"
"GO:0071439"	"clathrin complex"	"-3.172"
"GO:0015030"	"Cajal body"	"-3.177"
"GO:0030130"	"clathrin coat of trans-Golgi network vesicle"	"-3.181"
"GO:0045171"	"intercellular bridge"	"-3.189"
"GO:0099056"	"integral component of presynaptic membrane"	"-3.192"
"GO:0097381"	"photoreceptor disc membrane"	"-3.198"
"GO:0097730"	NA	"-3.198"
"GO:0031902"	"late endosome membrane"	"-3.213"
"GO:0000974"	"Prp19 complex"	"-3.218"
"GO:0030133"	"transport vesicle"	"-3.229"
"GO:1903561"	"extracellular vesicle"	"-3.243"
"GO:0042470"	"melanosome"	"-3.247"
"GO:0008541"	"proteasome regulatory particle, lid subcomplex"	"-3.257"
"GO:0000346"	"transcription export complex"	"-3.289"
"GO:0005770"	"late endosome"	"-3.297"
"GO:0015630"	"microtubule cytoskeleton"	"-3.307"
"GO:0019774"	"proteasome core complex, beta-subunit complex"	"-3.308"
"GO:0042788"	"polysomal ribosome"	"-3.318"
"GO:0030669"	"clathrin-coated endocytic vesicle membrane"	"-3.321"
"GO:0071004"	"U2-type prespliceosome"	"-3.325"
"GO:0022625"	"cytosolic large ribosomal subunit"	"-3.352"
"GO:0030285"	"integral component of synaptic vesicle membrane"	"-3.365"
"GO:0005662"	"DNA replication factor A complex"	"-3.376"
"GO:0005697"	"telomerase holoenzyme complex"	"-3.381"
"GO:0043679"	"axon terminus"	"-3.414"
"GO:0000786"	"nucleosome"	"-3.428"
"GO:0005665"	"DNA-directed RNA polymerase II, core complex"	"-3.436"
"GO:0005763"	"mitochondrial small ribosomal subunit"	"-3.456"
"GO:0035869"	"ciliary transition zone"	"-3.457"
"GO:0005859"	"muscle myosin complex"	"-3.495"
"GO:0005887"	"integral component of plasma membrane"	"-3.523"
"GO:0016442"	"RISC complex"	"-3.543"
"GO:0030687"	"preribosome, large subunit precursor"	"-3.561"
"GO:0005776"	"autophagosome"	"-3.586"
"GO:0031201"	"SNARE complex"	"-3.611"
"GO:0000777"	"condensed chromosome kinetochore"	"-3.615"
"GO:0005761"	"mitochondrial ribosome"	"-3.63"
"GO:0005688"	"U6 snRNP"	"-3.698"
"GO:0005685"	"U1 snRNP"	"-3.755"
"GO:0012507"	"ER to Golgi transport vesicle membrane"	"-3.802"
"GO:0008021"	"synaptic vesicle"	"-3.82"
"GO:0005839"	"proteasome core complex"	"-3.837"
"GO:0032040"	"small-subunit processome"	"-3.839"
"GO:0032982"	"myosin filament"	"-3.903"
"GO:0036038"	"MKS complex"	"-3.905"
"GO:0005747"	"mitochondrial respiratory chain complex I"	"-3.908"
"GO:0000139"	"Golgi membrane"	"-3.923"
"GO:0005765"	"lysosomal membrane"	"-3.952"
"GO:0001917"	"photoreceptor inner segment"	"-4.074"
"GO:0005885"	"Arp2/3 protein complex"	"-4.092"
"GO:0035145"	"exon-exon junction complex"	"-4.093"
"GO:0000932"	"cytoplasmic mRNA processing body"	"-4.166"
"GO:0005643"	"nuclear pore"	"-4.171"
"GO:0005845"	"mRNA cap binding complex"	"-4.283"
"GO:0034774"	"secretory granule lumen"	"-4.484"
"GO:0016021"	"integral component of membrane"	"-4.496"
"GO:0031090"	"organelle membrane"	"-4.563"
"GO:0005666"	"DNA-directed RNA polymerase III complex"	"-4.645"
"GO:0030665"	"clathrin-coated vesicle membrane"	"-4.68"
"GO:0071007"	"U2-type catalytic step 2 spliceosome"	"-4.735"
"GO:1904813"	"ficolin-1-rich granule lumen"	"-4.737"
"GO:0005681"	"spliceosomal complex"	"-4.794"
"GO:0005736"	"DNA-directed RNA polymerase I complex"	"-4.795"
"GO:0046540"	"U4/U6 x U5 tri-snRNP complex"	"-4.816"
"GO:0022624"	"proteasome accessory complex"	"-4.82"
"GO:0005874"	"microtubule"	"-4.857"
"GO:0005739"	"mitochondrion"	"-4.86"
"GO:0005834"	"heterotrimeric G-protein complex"	"-5.045"
"GO:0032588"	"trans-Golgi network membrane"	"-5.182"
"GO:0070062"	"extracellular exosome"	"-5.333"
"GO:0005814"	"centriole"	"-5.542"
"GO:0071013"	"catalytic step 2 spliceosome"	"-5.878"
"GO:0005762"	"mitochondrial large ribosomal subunit"	"-6.138"
"GO:0000502"	"proteasome complex"	"-6.363"
"GO:0005743"	"mitochondrial inner membrane"	"-6.635"
"GO:0016020"	"membrane"	"-7.475"
"GO:0005759"	"mitochondrial matrix"	"-7.488"
