"gene"	"disorder.number"
"ADCYAP1"	"4"
"ADRA1A"	"9"
"AKT1"	"45"
"ANK3"	"14"
"APOE"	"55"
"ATP2A2"	"17"
"BCL9"	"4"
"BDNF"	"65"
"CACNA1B"	"1"
"CACNA1C"	"14"
"DDR1"	"8"
"CACNB2"	"5"
"CCK"	"25"
"CCKAR"	"5"
"CDC25C"	"1"
"CHI3L1"	"9"
"CHRM1"	"24"
"CHRNA3"	"20"
"CHRNA4"	"22"
"CHRNA5"	"27"
"CHRNA7"	"30"
"CNP"	"1"
"CNR1"	"59"
"CNTF"	"4"
"COMT"	"32"
"CRP"	"43"
"CYP1A2"	"35"
"CYP2D6"	"22"
"DAO"	"5"
"ACE"	"52"
"DLG2"	"1"
"DLG4"	"7"
"DNMT1"	"26"
"DPYD"	"15"
"DRD1"	"30"
"DRD2"	"56"
"DRD3"	"29"
"DRD4"	"16"
"EGR3"	"2"
"ERBB3"	"21"
"ERBB4"	"11"
"ESR1"	"65"
"F2"	"24"
"FGFR1"	"58"
"FMR1"	"9"
"FYN"	"8"
"GABRB2"	"2"
"GAD1"	"18"
"GJA8"	"5"
"GNAO1"	"3"
"GPM6A"	"1"
"GRIA1"	"10"
"GRIN2A"	"10"
"GRIN2B"	"13"
"NR3C1"	"20"
"GRM2"	"9"
"GRM3"	"7"
"GRM5"	"29"
"GRM7"	"13"
"GSK3B"	"35"
"GSTM1"	"37"
"GSTT1"	"29"
"NRG1"	"20"
"HLA-B"	"19"
"HLA-C"	"15"
"HLA-DQB1"	"20"
"HLA-DRB1"	"40"
"HTR1A"	"35"
"HTR2A"	"22"
"HTR2C"	"18"
"HTR3A"	"9"
"HTR6"	"9"
"IL1B"	"115"
"IL6"	"140"
"IL10"	"45"
"ITIH1"	"4"
"ITIH3"	"2"
"KCNN3"	"4"
"MAG"	"3"
"MAOA"	"16"
"MAOB"	"18"
"MDK"	"13"
"MMP9"	"64"
"MSRA"	"5"
"MTHFR"	"96"
"NCAM1"	"5"
"NDUFV2"	"8"
"NOS1"	"35"
"NPY"	"57"
"NOTCH4"	"5"
"NRGN"	"2"
"NTF3"	"10"
"NTRK3"	"18"
"NR4A2"	"16"
"OPCML"	"6"
"PDE4B"	"21"
"PDE4D"	"6"
"ABCB1"	"40"
"PIP4K2A"	"4"
"PLA2G1B"	"2"
"PLA2G4A"	"7"
"PPP3CC"	"2"
"PRL"	"36"
"PRODH"	"1"
"RELN"	"24"
"PVALB"	"26"
"S100B"	"16"
"SLC1A1"	"24"
"SLC1A2"	"13"
"SLC6A3"	"23"
"SLC6A4"	"38"
"SLC18A2"	"14"
"SOD2"	"143"
"SOX10"	"5"
"SP4"	"5"
"SST"	"28"
"TBX1"	"7"
"TCF4"	"21"
"TNF"	"141"
"TNXB"	"6"
"TP53"	"118"
"TPH1"	"9"
"VRK2"	"1"
"YWHAE"	"1"
"FZD3"	"2"
"SYN3"	"1"
"MAD1L1"	"6"
"SYNGAP1"	"8"
"PLAA"	"3"
"NRXN1"	"7"
"FEZ1"	"1"
"NOS1AP"	"2"
"SETD1A"	"1"
"MAGI2"	"9"
"MED12"	"10"
"OLIG2"	"2"
"NRG3"	"2"
"SDCCAG8"	"3"
"CPLX2"	"6"
"KLF12"	"5"
"NLGN1"	"2"
"MLC1"	"6"
"PSD3"	"6"
"BRD1"	"3"
"TENM4"	"6"
"CNTNAP2"	"7"
"DISC2"	"2"
"DISC1"	"11"
"ZDHHC8"	"1"
"ERVW-1"	"1"
"BCL11A"	"5"
"CNNM2"	"15"
"AHI1"	"8"
"PBRM1"	"14"
"AMBRA1"	"1"
"HHAT"	"2"
"SLC17A7"	"22"
"RTN4"	"1"
"ADAMTSL3"	"1"
"SRR"	"1"
"NPAS3"	"3"
"ZSCAN31"	"2"
"CSMD1"	"10"
"RTN4R"	"1"
"NDEL1"	"5"
"DTNBP1"	"7"
"PPP1R1B"	"4"
"PGBD1"	"1"
"SHANK3"	"6"
"CHRFAM7A"	"2"
"TSPAN18"	"1"
"CEACAM21"	"1"
"ZNF804A"	"12"
"FOXP2"	"3"
"TPH2"	"21"
"ABCA13"	"1"
"EML5"	"1"
"TSNARE1"	"1"
"RTKN2"	"1"
"NKAPL"	"1"
"ANKK1"	"11"
"DAOA"	"6"
"DAOA-AS1"	"2"
"ZKSCAN4"	"1"
"A2M"	"17"
"ACHE"	"37"
"AMFR"	"8"
"BIN1"	"8"
"APBB2"	"7"
"APP"	"27"
"ATP5F1A"	"7"
"BAX"	"32"
"BCHE"	"38"
"BCL2"	"84"
"BLMH"	"7"
"CALM1"	"12"
"CASP3"	"36"
"CD33"	"10"
"CHRNB2"	"13"
"CLU"	"41"
"TPP1"	"7"
"CR1"	"8"
"CRH"	"47"
"CST3"	"19"
"DHCR24"	"10"
"DPYSL2"	"10"
"EIF2S1"	"15"
"ENO1"	"37"
"EPHA1"	"9"
"HFE"	"17"
"HLA-DRB5"	"10"
"HMOX1"	"67"
"IDE"	"7"
"IGF1"	"60"
"IGF1R"	"22"
"IGF2"	"26"
"IGF2R"	"13"
"INS"	"71"
"INSR"	"27"
"LEP"	"55"
"MAPT"	"23"
"MPO"	"37"
"NOS3"	"65"
"PLAU"	"37"
"PLCG2"	"8"
"PPARG"	"62"
"PRNP"	"21"
"PSEN1"	"19"
"PSEN2"	"9"
"PYY"	"17"
"SLC2A4"	"11"
"SORL1"	"14"
"TF"	"27"
"TFAM"	"7"
"TPI1"	"14"
"VEGFA"	"94"
"VSNL1"	"7"
"SLC30A4"	"7"
"PICALM"	"8"
"ABCA7"	"7"
"CYP46A1"	"7"
"PAXIP1"	"7"
"ARC"	"10"
"NCSTN"	"7"
"CD2AP"	"9"
"BACE1"	"7"
"GAPDHS"	"7"
"PCDH11X"	"7"
"ABI3"	"7"
"MS4A4A"	"10"
"TREM2"	"9"
"SLC30A6"	"7"
"ACTA2"	"18"
"ACTG2"	"2"
"PARP4"	"1"
"ALDH1B1"	"2"
"ALOX5"	"23"
"APC"	"52"
"BIRC5"	"27"
"ASCL2"	"1"
"ATP7A"	"28"
"BAK1"	"4"
"CCND1"	"46"
"BRAF"	"65"
"CACNA2D1"	"8"
"CBR1"	"3"
"CCND2"	"14"
"CDKN1A"	"12"
"CKM"	"4"
"CP"	"33"
"CRYAB"	"18"
"CTNNB1"	"68"
"CYP26A1"	"14"
"DEFA5"	"3"
"DMBT1"	"2"
"TYMP"	"12"
"EGFR"	"70"
"ERBB2"	"53"
"MECOM"	"5"
"F5"	"11"
"FBP1"	"4"
"FOLR1"	"21"
"GAST"	"11"
"FZD2"	"1"
"GAP43"	"9"
"GCG"	"17"
"GSTM5"	"2"
"GUCY1A1"	"5"
"HMGCS2"	"3"
"HES1"	"11"
"HSPA2"	"2"
"HSPB1"	"33"
"ICAM1"	"36"
"ID3"	"13"
"IFNG"	"75"
"IGFBP1"	"12"
"IL1RN"	"35"
"TNFRSF9"	"3"
"CXCL10"	"22"
"ITGA7"	"3"
"ITIH4"	"5"
"JUN"	"22"
"KCNH2"	"4"
"KRAS"	"88"
"LPL"	"11"
"LTF"	"17"
"MCM2"	"1"
"MEP1A"	"1"
"MKI67"	"15"
"MLH1"	"21"
"MMP7"	"3"
"MMP12"	"4"
"MUTYH"	"14"
"MYC"	"56"
"NFKB1"	"20"
"NOS2"	"71"
"NOTCH1"	"43"
"YBX1"	"1"
"ODC1"	"5"
"OXT"	"23"
"PRKN"	"18"
"PCNA"	"16"
"PCP4"	"1"
"SERPINB5"	"2"
"POLB"	"3"
"MAP2K3"	"1"
"MAP2K6"	"1"
"PTGS2"	"115"
"PTPN12"	"2"
"PTPRJ"	"2"
"RELA"	"36"
"RFC1"	"2"
"S100A4"	"10"
"S100A9"	"2"
"CCL20"	"18"
"SLC2A1"	"38"
"SLC16A1"	"1"
"SLC19A1"	"16"
"SLC22A1"	"3"
"SPARC"	"16"
"SRC"	"13"
"STAT3"	"74"
"SULT1A1"	"2"
"TAGLN"	"5"
"TCF7L2"	"15"
"TCF19"	"1"
"TGFBR2"	"26"
"TPM3"	"13"
"TYMS"	"36"
"UMPS"	"6"
"WT1"	"22"
"AXIN2"	"9"
"BAP1"	"44"
"EOMES"	"5"
"RECK"	"6"
"LGR5"	"3"
"TP63"	"23"
"EIF3I"	"1"
"BECN1"	"11"
"TNFSF10"	"33"
"TNFRSF10A"	"12"
"PROM1"	"9"
"IL32"	"6"
"KDM5B"	"1"
"PTP4A3"	"1"
"CHEK2"	"30"
"KDM1A"	"2"
"RCOR1"	"1"
"PLCB1"	"5"
"BRD4"	"14"
"RAD54B"	"12"
"NOX1"	"7"
"SLCO1B3"	"2"
"SERTAD1"	"1"
"SH3KBP1"	"1"
"NOX4"	"15"
"LEF1"	"3"
"XAF1"	"6"
"RHOJ"	"1"
"NDRG2"	"3"
"RNF34"	"1"
"LRG1"	"4"
"SLC5A8"	"1"
"PRR5-ARHGAP8"	"1"
"CCAT1"	"4"
"ADCY5"	"11"
"ADCY7"	"11"
"ADCY8"	"4"
"ADRA2A"	"7"
"ADRB1"	"9"
"AGT"	"51"
"APRT"	"9"
"AR"	"25"
"ARNTL"	"7"
"ASMT"	"4"
"BRCA1"	"22"
"CALM2"	"8"
"CAMK2A"	"5"
"CDKN2A"	"48"
"CHAT"	"21"
"CHRM2"	"18"
"CNR2"	"17"
"CREB1"	"10"
"CRHBP"	"7"
"CRHR1"	"17"
"CRHR2"	"8"
"CRY1"	"3"
"CRY2"	"4"
"CYP2C19"	"17"
"DBH"	"9"
"DPP4"	"1"
"DUSP1"	"8"
"FKBP5"	"12"
"FOLH1"	"3"
"GABRA6"	"10"
"GABRB3"	"9"
"GLUL"	"7"
"GNB3"	"22"
"MCHR1"	"2"
"GPX1"	"37"
"GRIA3"	"5"
"GRIK3"	"4"
"GRM1"	"26"
"GTS"	"1"
"GYPE"	"1"
"HCRT"	"10"
"HDAC2"	"12"
"HP"	"19"
"HSD11B1"	"8"
"HTR1B"	"24"
"HTR4"	"6"
"HTR7"	"15"
"IL1A"	"32"
"IL6R"	"13"
"CXCL8"	"47"
"IL18"	"28"
"IDO1"	"7"
"KCNJ6"	"2"
"KCNK2"	"8"
"STMN1"	"8"
"LTA4H"	"2"
"M6PR"	"8"
"MC1R"	"4"
"ATXN3"	"2"
"NR3C2"	"13"
"COX2"	"7"
"MTR"	"14"
"NGF"	"60"
"NTRK2"	"41"
"OPRK1"	"21"
"OPRM1"	"42"
"OXTR"	"6"
"P2RX7"	"10"
"PDE4A"	"3"
"PDYN"	"45"
"PMCH"	"2"
"POMC"	"76"
"MAPK3"	"25"
"RAC1"	"11"
"REN"	"27"
"RORA"	"3"
"S100A10"	"17"
"SLC6A2"	"20"
"SLC18A1"	"1"
"SYN1"	"1"
"TAC1"	"29"
"TH"	"22"
"TLE1"	"1"
"TNFRSF1A"	"27"
"TNFRSF1B"	"15"
"TRH"	"35"
"TTR"	"17"
"UCN"	"4"
"VGF"	"2"
"WFS1"	"8"
"PER3"	"6"
"PER2"	"7"
"SGCE"	"4"
"TIMELESS"	"2"
"ARTN"	"4"
"HTR3B"	"4"
"LGI1"	"1"
"HOMER1"	"8"
"CLOCK"	"8"
"CARTPT"	"8"
"HDAC9"	"2"
"HDAC5"	"5"
"DEAF1"	"5"
"WWC1"	"3"
"PCLO"	"5"
"GAL"	"15"
"SLCO1C1"	"1"
"FEV"	"2"
"SLC29A3"	"6"
"RNF123"	"1"
"FTO"	"7"
"BICC1"	"3"
"ATP1A3"	"19"
"DUSP6"	"11"
"GLO1"	"9"
"GRN"	"3"
"HTT"	"3"
"PLA2G2A"	"6"
"PON1"	"50"
"SAT1"	"8"
"SNAP25"	"19"
"SOD1"	"53"
"GALR2"	"5"
"FGF17"	"3"
"AHCY"	"3"
"ANXA5"	"8"
"ATP7B"	"25"
"BHMT"	"21"
"LOX"	"14"
"LOXL2"	"7"
"NDUFB7"	"2"
"PPP3CA"	"5"
"PPP3CB"	"2"
"SNCA"	"22"
"TIMP1"	"14"
"SDHAF2"	"6"
"ANKS1B"	"2"
"HAMP"	"9"
"AFM"	"3"
"AHSG"	"4"
"ALB"	"51"
"AMBP"	"10"
"ATP5F1B"	"3"
"AVP"	"25"
"B2M"	"6"
"BDKRB2"	"8"
"C3"	"20"
"CD44"	"21"
"CCR5"	"7"
"CYP2C9"	"16"
"NQO1"	"25"
"HBEGF"	"13"
"EDN1"	"39"
"EPHX2"	"10"
"EPO"	"32"
"G6PD"	"5"
"GAS6"	"7"
"GC"	"16"
"GFER"	"5"
"GSTA1"	"6"
"GSTM2"	"12"
"GSTP1"	"48"
"HBG2"	"3"
"HEXB"	"3"
"HPX"	"10"
"HSPA1A"	"13"
"IFNA2"	"77"
"KLK1"	"7"
"KNG1"	"11"
"LCN2"	"13"
"LRP2"	"4"
"NFE2L2"	"41"
"NPPA"	"21"
"ORM1"	"3"
"SERPINA1"	"28"
"PLG"	"12"
"SLC11A1"	"22"
"SPP1"	"41"
"TFF3"	"3"
"TGFB1"	"74"
"TLR2"	"12"
"TLR4"	"46"
"RAPGEF3"	"6"
"GPNMB"	"7"
"FSTL1"	"3"
"SIRT1"	"38"
"HAVCR1"	"11"
"IL20"	"7"
"TNFRSF12A"	"4"
"UGT1A9"	"9"
"UGT1A1"	"8"
"AMN"	"3"
"SLC22A12"	"3"
"SLC22A24"	"3"
"UOX"	"5"
"OCLN"	"4"
"ALAD"	"25"
"ARNT"	"17"
"ARRB1"	"3"
"SERPING1"	"9"
"C1QB"	"7"
"SERPINA6"	"10"
"SERPINH1"	"12"
"CD9"	"13"
"CD14"	"9"
"CHRM3"	"9"
"COL1A1"	"16"
"COL1A2"	"15"
"COL3A1"	"26"
"COL5A2"	"6"
"CTGF"	"24"
"CYBA"	"10"
"CYP27A1"	"8"
"DHCR7"	"8"
"F2R"	"6"
"F3"	"5"
"FBN1"	"16"
"FGF2"	"37"
"FGF7"	"11"
"FGFR2"	"41"
"FLT1"	"26"
"HGF"	"39"
"HSD11B2"	"8"
"IFNA1"	"15"
"IGFBP2"	"6"
"JUND"	"15"
"KRT8"	"17"
"KRT18"	"10"
"LAMC2"	"4"
"LGALS1"	"3"
"LGALS3BP"	"2"
"LUM"	"2"
"SMAD3"	"20"
"MMP2"	"30"
"NPC1"	"10"
"PCOLCE"	"8"
"ABCB4"	"10"
"PLOD2"	"9"
"CCL2"	"77"
"STAT1"	"10"
"TGFBR1"	"18"
"THBS1"	"9"
"VIM"	"20"
"VTN"	"7"
"TAGLN2"	"14"
"RGN"	"11"
"SLC22A8"	"11"
"SLC17A2"	"2"
"SLC13A4"	"8"
"TRPM7"	"12"
"SLC30A10"	"13"
"UNC93B1"	"8"
"TMEM67"	"7"
"CYP2R1"	"2"
"COMMD1"	"6"
"ANKS6"	"2"
"ACTB"	"11"
"JAG1"	"15"
"ANXA2"	"19"
"APOC3"	"7"
"FAS"	"20"
"FASLG"	"11"
"AZGP1"	"8"
"BCL2L1"	"29"
"CEACAM1"	"7"
"BRCA2"	"36"
"CASP8"	"35"
"RUNX3"	"20"
"CDH13"	"12"
"CDKN1B"	"19"
"CDKN1C"	"10"
"CHRNB4"	"18"
"MAP3K8"	"2"
"MAPK14"	"8"
"CYP1B1"	"21"
"CYP2A6"	"17"
"CYP2E1"	"39"
"CYP24A1"	"8"
"DAPK1"	"28"
"DNMT3A"	"18"
"EGR1"	"13"
"EMX2"	"1"
"EPHX1"	"35"
"ERCC1"	"19"
"ERCC6"	"16"
"EFEMP1"	"12"
"FHIT"	"14"
"FOXM1"	"8"
"GATA6"	"5"
"GJA1"	"15"
"GJB1"	"20"
"GCLC"	"11"
"HRAS"	"45"
"CYR61"	"3"
"IL2"	"36"
"MARCKS"	"4"
"MCL1"	"6"
"MET"	"63"
"MMP1"	"13"
"MMP10"	"5"
"NOTCH2"	"41"
"NOTCH3"	"11"
"OGG1"	"16"
"SLC22A18"	"6"
"PRDX1"	"7"
"PIK3CA"	"56"
"PPP2R1B"	"2"
"MAPK1"	"28"
"MAP2K7"	"8"
"PTEN"	"67"
"PTGIS"	"7"
"RAD52"	"2"
"RAF1"	"22"
"RARB"	"16"
"ROBO1"	"6"
"SFTPB"	"1"
"SFTPD"	"3"
"SLC3A2"	"1"
"SOX2"	"18"
"SOX9"	"6"
"STAT5A"	"10"
"STK11"	"26"
"TEP1"	"1"
"TERT"	"35"
"TFRC"	"23"
"TP73"	"3"
"UGT2B17"	"7"
"VHL"	"26"
"WNT5A"	"5"
"XPC"	"9"
"DOK2"	"1"
"CXCL14"	"9"
"PRDX6"	"4"
"SECISBP2L"	"1"
"DLEC1"	"3"
"COX17"	"5"
"SPRY2"	"5"
"RAMP2"	"7"
"ADAM28"	"1"
"IL24"	"5"
"SOX30"	"1"
"RASSF1"	"17"
"USP18"	"2"
"HEY1"	"20"
"PDCD4"	"1"
"PYCARD"	"14"
"CD274"	"8"
"ERGIC3"	"2"
"CASC1"	"1"
"ALX4"	"10"
"BHLHE41"	"1"
"CLPTM1L"	"9"
"RIOX2"	"1"
"RICTOR"	"2"
"TOMM40"	"3"
"ACACA"	"6"
"ACOX1"	"5"
"AFP"	"5"
"APEX1"	"19"
"APOA1"	"23"
"ATM"	"45"
"CA2"	"11"
"CCNE1"	"12"
"CDK4"	"11"
"CDKN3"	"2"
"CEBPA"	"14"
"CEBPB"	"9"
"CEBPD"	"5"
"CCR1"	"7"
"CTSD"	"12"
"CYLD"	"3"
"CYP1A1"	"17"
"CYP17A1"	"15"
"E2F1"	"2"
"EGF"	"20"
"ACSL4"	"9"
"FASN"	"25"
"FGF3"	"8"
"FGF4"	"5"
"FOS"	"53"
"MTOR"	"33"
"GAPDH"	"12"
"GPC3"	"6"
"GLI1"	"5"
"PDIA3"	"2"
"HGFAC"	"1"
"HMGB2"	"2"
"HMGCR"	"3"
"HSPA5"	"6"
"HSPA9"	"11"
"IDH1"	"21"
"IRF2"	"1"
"IRS1"	"14"
"MAT1A"	"4"
"MECP2"	"28"
"KMT2A"	"22"
"MT1A"	"14"
"MT2A"	"4"
"MVK"	"4"
"NFKBIA"	"13"
"NME1"	"4"
"PDGFRL"	"3"
"CDK14"	"2"
"PGK1"	"7"
"PHB"	"14"
"PKM"	"8"
"PTK2"	"8"
"RARA"	"2"
"RB1"	"37"
"RRM2"	"6"
"SCD"	"6"
"CXCL12"	"6"
"SHH"	"8"
"SKP2"	"10"
"SLC2A2"	"7"
"SLC5A5"	"18"
"SREBF1"	"10"
"STAT4"	"10"
"HNF1A"	"14"
"PRDX2"	"9"
"TGFA"	"17"
"TSC1"	"40"
"BTG2"	"2"
"TFPI2"	"9"
"ARID1A"	"27"
"AXIN1"	"8"
"NR0B2"	"5"
"IRS2"	"12"
"TRIM24"	"4"
"IQGAP1"	"6"
"SOCS3"	"4"
"SLIT2"	"7"
"ADAMTS1"	"2"
"GDF15"	"12"
"ISG15"	"2"
"DEPDC5"	"1"
"KMT2B"	"1"
"FGF19"	"1"
"NR1H4"	"19"
"FST"	"4"
"ATG7"	"4"
"UBD"	"4"
"HTATIP2"	"1"
"IQGAP2"	"6"
"HPSE"	"5"
"COPS5"	"6"
"GNMT"	"7"
"MLXIPL"	"2"
"HERC5"	"4"
"AKR1B10"	"5"
"ARID1B"	"4"
"CD276"	"2"
"SPRTN"	"1"
"ARID2"	"1"
"HOTAIR"	"2"
"MICA"	"3"
"ABO"	"8"
"ADH1A"	"1"
"ADH1B"	"10"
"ADH1C"	"5"
"ADH4"	"3"
"ADH5"	"1"
"ADH7"	"3"
"ALDH1A1"	"17"
"ALDH2"	"12"
"ARSA"	"3"
"CAT"	"82"
"GABBR1"	"5"
"GABRA1"	"9"
"GABRA2"	"8"
"GABRB1"	"2"
"GABRG1"	"1"
"GABRG2"	"7"
"GABRG3"	"2"
"GATA4"	"11"
"GH1"	"3"
"GRIK1"	"16"
"GRIN1"	"6"
"GRM8"	"8"
"HNMT"	"3"
"NPY2R"	"13"
"NTSR1"	"2"
"OPRD1"	"11"
"OPRL1"	"2"
"TAS2R38"	"3"
"SHBG"	"7"
"SNRNP70"	"1"
"SRD5A1"	"6"
"TACR1"	"11"
"TACR3"	"7"
"TKT"	"4"
"PTP4A1"	"1"
"AKR1C3"	"8"
"MPDZ"	"17"
"KIAA0040"	"1"
"AKR1A1"	"4"
"PHF3"	"1"
"DKK2"	"1"
"TTC12"	"1"
"SDHAF3"	"1"
"PKNOX2"	"1"
"NKAIN1"	"1"
"THSD7B"	"1"
"SGIP1"	"1"
"SERINC2"	"1"
"ZNF699"	"1"
"C15orf53"	"1"
"NAT1"	"1"
"NAT2"	"23"
"ANPEP"	"1"
"BIRC3"	"8"
"AQP3"	"8"
"RHOA"	"10"
"ATP5F1D"	"1"
"KLF5"	"5"
"CDH1"	"34"
"CREBBP"	"25"
"CSF3"	"61"
"NCAN"	"2"
"CYP4B1"	"1"
"ENO2"	"8"
"EP300"	"28"
"ERCC2"	"16"
"ERCC4"	"23"
"ESR2"	"45"
"FANCA"	"16"
"FANCC"	"17"
"BPTF"	"2"
"FGFR3"	"25"
"GSTZ1"	"1"
"HOXA9"	"4"
"IFNB1"	"20"
"IGFBP3"	"9"
"IGFBP5"	"1"
"ISL1"	"1"
"KRT16"	"3"
"LAMA2"	"2"
"LIG1"	"1"
"LOXL1"	"1"
"MAGEA9"	"1"
"MDM4"	"10"
"MT3"	"17"
"POR"	"5"
"PRSS3"	"1"
"PSMB2"	"1"
"UGT2B7"	"1"
"KDM6A"	"13"
"TRPV1"	"8"
"PRDM2"	"6"
"USP7"	"1"
"PSCA"	"3"
"KMT2D"	"18"
"SMC1A"	"7"
"GGH"	"11"
"APOBEC3B"	"8"
"NCOR1"	"12"
"RALGPS1"	"1"
"ESPL1"	"4"
"HDAC4"	"9"
"TACC3"	"4"
"SLC12A7"	"1"
"STAG2"	"13"
"FERMT2"	"1"
"FBXW8"	"1"
"PABPC1"	"2"
"SMC1B"	"1"
"ASAP1"	"1"
"ANKFY1"	"1"
"ASXL2"	"5"
"AS3MT"	"9"
"KMT2C"	"18"
"HMGN5"	"4"
"TBL1XR1"	"9"
"LOXL4"	"1"
"CHD6"	"2"
"IGSF21"	"1"
"GSTO2"	"1"
"NRSN1"	"1"
"VWA3A"	"1"
"MAPK15"	"1"
"CALHM1"	"1"
"OR8S1"	"1"
"YJEFN3"	"1"
"ANXA2R"	"1"
"PARP1"	"38"
"AHR"	"28"
"ANXA1"	"9"
"KLK3"	"1"
"ZFHX3"	"5"
"BGLAP"	"3"
"BMP7"	"8"
"CALCA"	"12"
"CALR"	"9"
"CASP9"	"3"
"CAV1"	"18"
"CHD1"	"1"
"KLF6"	"8"
"CYP3A4"	"9"
"CYP3A5"	"3"
"CYP19A1"	"19"
"DAG1"	"5"
"GADD45A"	"17"
"DNMT3B"	"6"
"EPHB2"	"3"
"ERG"	"8"
"ETV1"	"1"
"ETV4"	"1"
"EZH2"	"21"
"FGFR4"	"5"
"FOXO1"	"5"
"GRPR"	"5"
"HIF1A"	"38"
"FOXA1"	"8"
"HOXD3"	"1"
"HPN"	"2"
"IGFBP7"	"2"
"JAK2"	"21"
"CD82"	"2"
"KLK2"	"1"
"EPCAM"	"11"
"MDM2"	"8"
"MME"	"13"
"MSMB"	"2"
"MSR1"	"5"
"MXI1"	"1"
"NBN"	"13"
"NKX3-1"	"1"
"SERPINE1"	"23"
"PAWR"	"10"
"SERPINF1"	"6"
"PIK3CB"	"5"
"PIK3CD"	"3"
"PPARA"	"30"
"PRKDC"	"12"
"PTHLH"	"7"
"RNASEL"	"2"
"SELENOP"	"16"
"SLC22A3"	"7"
"SPINK1"	"4"
"SRD5A2"	"5"
"ST14"	"1"
"SULT1E1"	"8"
"AURKA"	"9"
"SULT2A1"	"1"
"HNF1B"	"12"
"TMPRSS2"	"1"
"TPD52"	"1"
"UGT2B15"	"1"
"VDR"	"15"
"VIP"	"5"
"XRCC1"	"11"
"NCOA3"	"23"
"SPOP"	"6"
"UXT"	"1"
"NCOA1"	"4"
"EIF3H"	"2"
"NRP1"	"5"
"MBD2"	"1"
"ZBED1"	"1"
"TLR6"	"1"
"NDRG1"	"34"
"VAV3"	"2"
"HOXB13"	"3"
"NCOA2"	"1"
"AGR2"	"1"
"CAMKK2"	"4"
"AMACR"	"11"
"TMEFF2"	"3"
"KLK5"	"1"
"SLC39A1"	"1"
"SETD2"	"12"
"DCAF6"	"1"
"PAK6"	"2"
"ELAC2"	"2"
"CYP3A43"	"1"
"DAB2IP"	"2"
"JAZF1"	"5"
"GSTK1"	"3"
"PCAT1"	"1"
"ADAR"	"3"
"AKT2"	"15"
"BARD1"	"11"
"COL7A1"	"2"
"FN1"	"23"
"GATA3"	"12"
"HADHB"	"4"
"MYH9"	"5"
"NRCAM"	"6"
"ROR1"	"5"
"PDPK1"	"10"
"RAD51"	"7"
"TBX3"	"8"
"ICAM5"	"1"
"RAD54L"	"12"
"ZNF432"	"1"
"STARD8"	"1"
"RB1CC1"	"2"
"APC2"	"1"
"FBXW7"	"14"
"PALB2"	"23"
"BRIP1"	"18"
"NOP9"	"1"
"ZNF366"	"6"
"APCS"	"8"
"ATP2B1"	"4"
"CD40LG"	"9"
"CDKN2B"	"7"
"IRAK1"	"5"
"LDLR"	"16"
"LIPA"	"6"
"LPA"	"7"
"LTA"	"8"
"MMP3"	"21"
"NPPB"	"11"
"PAPPA"	"7"
"PECAM1"	"2"
"SORT1"	"2"
"TCF21"	"2"
"TRAF6"	"3"
"PLPP3"	"2"
"KL"	"15"
"SH2B3"	"9"
"TRIB1"	"3"
"PROCR"	"2"
"ADAMTS7"	"4"
"MRAS"	"4"
"ANKS1A"	"2"
"DDAH2"	"2"
"LMOD1"	"4"
"ANGPTL4"	"8"
"ZC3HC1"	"4"
"WDR12"	"4"
"JCAD"	"2"
"ABCG5"	"7"
"ABCG8"	"5"
"MRPS6"	"2"
"PDGFD"	"5"
"HHIPL1"	"2"
"ADTRP"	"2"
"APOA5"	"2"
"PHACTR1"	"3"
"PCSK9"	"3"
"HECTD4"	"2"
"MIA3"	"3"
"CSF2"	"59"
"FOLR2"	"8"
"GLI3"	"15"
"MTHFD1"	"8"
"NPY1R"	"20"
"PAX3"	"13"
"PRSS8"	"8"
"RRM1"	"10"
"SKI"	"13"
"TBXT"	"8"
"ZIC2"	"13"
"SPINT2"	"12"
"CECR2"	"8"
"GHRL"	"44"
"VANGL2"	"9"
"GRHL3"	"8"
"FUZ"	"8"
"VANGL1"	"9"
"ZIC5"	"8"
"ADAM8"	"6"
"ALDOB"	"9"
"APOH"	"6"
"ARG1"	"9"
"BDH1"	"6"
"BTD"	"6"
"CDC25B"	"6"
"CDS1"	"9"
"ABCC2"	"37"
"CTSE"	"6"
"CYP2B6"	"10"
"CYP8B1"	"7"
"DHFR"	"12"
"DSC2"	"10"
"CELA1"	"6"
"FGA"	"14"
"FMO3"	"9"
"GOT1"	"6"
"GPT"	"9"
"CXCL1"	"18"
"GSN"	"13"
"GSR"	"23"
"GSTM3"	"9"
"GSTM4"	"7"
"HADHA"	"13"
"HLA-A"	"17"
"HMGB1"	"21"
"HPD"	"6"
"HRH2"	"8"
"IL4"	"32"
"IL11"	"15"
"IL17A"	"20"
"ITPR1"	"8"
"LBP"	"12"
"LGALS3"	"10"
"FADS1"	"6"
"DNAJB9"	"7"
"MDH1"	"7"
"MAP3K5"	"11"
"ABCC1"	"9"
"MST1R"	"8"
"PNP"	"15"
"PCYT1A"	"8"
"PDK4"	"10"
"PLAT"	"31"
"POLG"	"38"
"MED1"	"8"
"PZP"	"6"
"RBP1"	"9"
"S100A11"	"6"
"SLPI"	"7"
"SOD3"	"17"
"SORD"	"7"
"SRP72"	"7"
"SULT2B1"	"8"
"TALDO1"	"10"
"TBXA2R"	"6"
"COL14A1"	"6"
"VWF"	"14"
"IL1R2"	"11"
"REEP5"	"8"
"PEX11A"	"6"
"NR1I2"	"20"
"WASL"	"6"
"SELENBP1"	"16"
"F2RL3"	"7"
"AIFM1"	"15"
"FCMR"	"6"
"LRAT"	"8"
"NREP"	"8"
"ADIPOQ"	"32"
"FADS2"	"9"
"ATG5"	"9"
"EDEM1"	"6"
"PAN2"	"7"
"NR1I3"	"12"
"NR1H3"	"9"
"RIPK3"	"9"
"HACL1"	"7"
"EIF2AK1"	"7"
"ERLEC1"	"7"
"IL22"	"15"
"TMED7"	"7"
"HAO2"	"7"
"ATP6V1D"	"6"
"DHRS7"	"8"
"SPIN2A"	"6"
"TMEM38B"	"7"
"ECHDC1"	"6"
"DNAJC12"	"7"
"TCTN1"	"8"
"UBA5"	"15"
"MAP1LC3B"	"6"
"SESN2"	"6"
"SLC10A7"	"7"
"TMEM164"	"6"
"TMEM117"	"7"
"DGAT2"	"7"
"ATOH8"	"6"
"CADPS2"	"11"
"SNX18"	"6"
"RDH13"	"6"
"SGF29"	"6"
"SLC25A29"	"6"
"CCDC80"	"8"
"NFXL1"	"7"
"PPTC7"	"6"
"ZDHHC23"	"6"
"PTF1A"	"7"
"SULT1C3"	"6"
"CCR2"	"20"
"ABL1"	"15"
"BCR"	"9"
"RUNX1"	"15"
"CDK6"	"24"
"CEBPE"	"4"
"CYP2C8"	"3"
"ETV6"	"14"
"FLT3"	"10"
"FPGS"	"16"
"GNB1"	"9"
"HCK"	"4"
"HLF"	"5"
"HOXD4"	"3"
"MTRR"	"13"
"PAX5"	"6"
"TAL1"	"4"
"TAL2"	"3"
"TCF3"	"7"
"VPREB1"	"3"
"NSD2"	"3"
"NUP214"	"4"
"IKZF1"	"10"
"IKZF3"	"6"
"IKZF2"	"4"
"NT5C2"	"4"
"PAG1"	"3"
"PRDM14"	"3"
"CRLF2"	"3"
"ARID5B"	"5"
"P2RY8"	"3"
"DUX4"	"4"
"DACT1"	"4"
"ANXA4"	"13"
"ANXA7"	"1"
"ASNS"	"2"
"ATF3"	"17"
"CHN2"	"1"
"CIDEA"	"7"
"CCR4"	"9"
"CPT1B"	"7"
"CRABP1"	"8"
"EFNB2"	"2"
"FOSB"	"12"
"GPX2"	"1"
"GPX3"	"10"
"HCFC1"	"3"
"IL12A"	"11"
"IL12B"	"21"
"MYO5B"	"4"
"SLC11A2"	"1"
"OAT"	"2"
"PLS1"	"1"
"PRKCE"	"13"
"PSMA4"	"6"
"PTPRO"	"1"
"SIX3"	"7"
"SRMS"	"1"
"TRIO"	"5"
"UGDH"	"1"
"XPA"	"7"
"IFT88"	"3"
"HERC3"	"1"
"LARGE1"	"7"
"PTER"	"1"
"TNK2"	"4"
"CGREF1"	"1"
"YIF1A"	"1"
"ESM1"	"1"
"TTC39A"	"1"
"WSCD1"	"1"
"NUDCD3"	"1"
"EXOSC2"	"1"
"HEBP2"	"1"
"PHGDH"	"7"
"TOX3"	"2"
"SNX10"	"2"
"SLC40A1"	"7"
"ZDHHC2"	"1"
"NOP16"	"1"
"ASH1L"	"1"
"MTUS1"	"1"
"DPP10"	"2"
"CLSTN2"	"1"
"DDX54"	"3"
"CCDC134"	"1"
"PDRG1"	"1"
"RTP3"	"1"
"HSDL2"	"1"
"EGLN3"	"1"
"WDR17"	"1"
"DCD"	"1"
"TMEM132D"	"2"
"BTBD11"	"1"
"SNHG11"	"1"
"PQLC3"	"1"
"MACROD2"	"5"
"SLC38A9"	"1"
"LINGO2"	"3"
"TTLL9"	"3"
"PRICKLE2"	"1"
"DACT2"	"1"
"ADAMTS17"	"1"
"HIGD2A"	"1"
"FLCN"	"13"
"STAC3"	"1"
"NEAT1"	"4"
"NUDT7"	"1"
"GADL1"	"2"
"ZSCAN22"	"1"
"SPATA21"	"3"
"MALAT1"	"4"
"ACOT1"	"4"
"HULC"	"1"
"C9"	"3"
"CALB2"	"3"
"TNFRSF8"	"2"
"COL12A1"	"3"
"CSF1"	"1"
"DDX3X"	"4"
"F9"	"2"
"FCN2"	"1"
"FGF9"	"11"
"MLANA"	"3"
"FTH1"	"10"
"GPR27"	"1"
"GPR37"	"1"
"ICAM2"	"2"
"IL2RA"	"19"
"IL3"	"4"
"ILK"	"6"
"KIT"	"12"
"MCAM"	"3"
"MIF"	"26"
"CXCL9"	"12"
"MUC1"	"5"
"NF2"	"14"
"SERPINA4"	"1"
"PTPRF"	"1"
"RXRA"	"6"
"RYR2"	"8"
"CLEC11A"	"1"
"CCL3"	"20"
"CCL5"	"13"
"CCL7"	"16"
"CCL23"	"1"
"SDC1"	"1"
"SLC22A5"	"2"
"SMARCA2"	"2"
"TFDP2"	"1"
"TGFB2"	"9"
"TXN"	"3"
"WNT3"	"3"
"FGF18"	"3"
"BCL10"	"19"
"MTMR4"	"1"
"CCNE2"	"5"
"OSMR"	"3"
"ADAMTS2"	"3"
"ULK2"	"2"
"HEPH"	"1"
"SETDB1"	"3"
"MSLN"	"16"
"ENOX2"	"1"
"SEMA4F"	"1"
"CXCL13"	"1"
"PDPN"	"1"
"IGF2BP3"	"1"
"CCL27"	"2"
"COPG1"	"1"
"LIMCH1"	"5"
"SF3B1"	"4"
"CFAP45"	"1"
"AGO1"	"1"
"AGO2"	"5"
"PLLP"	"1"
"FGD6"	"1"
"TRAF7"	"2"
"DDX51"	"1"
"NANOS1"	"1"
"PWAR6"	"1"
"KCNH1"	"6"
"LSP1"	"3"
"MAP3K1"	"1"
"PTPRD"	"5"
"RAD51C"	"8"
"RAD51B"	"5"
"TSG101"	"1"
"NRIP1"	"8"
"PPM1D"	"5"
"PRC1"	"2"
"EXO1"	"5"
"ZC3H11A"	"1"
"ZNF365"	"5"
"RNF115"	"1"
"LGR6"	"3"
"IL7R"	"10"
"JAK1"	"2"
"JAK3"	"6"
"SERPINA3"	"2"
"ASAH1"	"2"
"AP1S1"	"1"
"FABP1"	"2"
"LSS"	"1"
"SLC2A3"	"9"
"DEPP1"	"3"
"NUPR1"	"2"
"WIPI1"	"2"
"FNDC4"	"1"
"GDPD3"	"1"
"INHBE"	"1"
"CD34"	"1"
"CDH17"	"2"
"CSNK1E"	"2"
"CYP27B1"	"1"
"DLX1"	"2"
"FAAH"	"23"
"FTL"	"10"
"GCH1"	"5"
"GNA12"	"3"
"GRIK4"	"5"
"HLA-E"	"1"
"HTR5A"	"1"
"ME2"	"3"
"MEF2A"	"1"
"GADD45B"	"6"
"SEPT2"	"1"
"NQO2"	"6"
"NPAS1"	"1"
"PCNT"	"6"
"PRKCA"	"7"
"PTPRC"	"4"
"SHOX2"	"2"
"ST3GAL1"	"1"
"SLC6A9"	"3"
"SP1"	"3"
"SP3"	"1"
"TDO2"	"3"
"TRPM2"	"5"
"TYR"	"5"
"PLA2G6"	"2"
"GPR52"	"1"
"PICK1"	"5"
"RAPGEF5"	"3"
"PDE10A"	"2"
"APOBEC3C"	"1"
"SLC39A3"	"1"
"SHANK1"	"9"
"DGCR8"	"4"
"GNB1L"	"1"
"NDE1"	"4"
"SOBP"	"1"
"ST6GALNAC1"	"1"
"PAK5"	"3"
"TET1"	"2"
"KCNH6"	"1"
"PCDH11Y"	"2"
"APOBEC3A"	"4"
"C9orf72"	"9"
"SP8"	"1"
"LMOD2"	"1"
"AANAT"	"1"
"GRK3"	"6"
"CACNA1D"	"12"
"AKR1C4"	"4"
"DRD5"	"12"
"GAD2"	"23"
"GRIK2"	"8"
"GSK3A"	"7"
"NTRK1"	"22"
"SLC5A3"	"9"
"TRPC3"	"10"
"TSHB"	"5"
"BHLHE40"	"8"
"KMO"	"4"
"CPLX1"	"4"
"NTNG1"	"5"
"NTNG2"	"4"
"DIXDC1"	"9"
"NPAS4"	"1"
"AARS"	"2"
"ACTC1"	"6"
"ACTN2"	"3"
"ALDH3A2"	"2"
"KIF1A"	"4"
"CACNB4"	"2"
"CASQ2"	"4"
"CAV3"	"8"
"COX6A1"	"1"
"DCTN1"	"13"
"DES"	"17"
"DMD"	"16"
"DYNC1H1"	"8"
"DNM2"	"3"
"DRP2"	"1"
"DSG2"	"5"
"DSP"	"12"
"DTNA"	"3"
"EGR2"	"2"
"EMD"	"2"
"FKTN"	"6"
"FGF14"	"1"
"FXN"	"2"
"GAA"	"3"
"GARS"	"1"
"GLA"	"5"
"HARS"	"7"
"HINT1"	"1"
"HK1"	"6"
"HOXD10"	"4"
"DNAJB2"	"1"
"IGHMBP2"	"1"
"JUP"	"5"
"KARS"	"1"
"KCNA1"	"2"
"KCNC3"	"2"
"KIF5A"	"4"
"L1CAM"	"9"
"LAMA4"	"3"
"LAMP2"	"9"
"LMNA"	"10"
"MARS"	"2"
"MPV17"	"6"
"MPZ"	"1"
"MRE11"	"5"
"MTTP"	"5"
"MYBPC3"	"5"
"MYH6"	"5"
"MYH7"	"8"
"MYL2"	"4"
"MYL3"	"2"
"NAGLU"	"5"
"NEFL"	"1"
"NRAS"	"24"
"PDHA1"	"5"
"PDK3"	"1"
"PEX7"	"5"
"PHYH"	"1"
"PKP2"	"3"
"PLN"	"5"
"PLP1"	"4"
"PMP22"	"1"
"PRKCG"	"11"
"MAP2K1"	"17"
"MAP2K2"	"8"
"PRPS1"	"1"
"PTPN11"	"31"
"RIT1"	"4"
"SBF1"	"1"
"SCN5A"	"8"
"SCN9A"	"9"
"SGCD"	"2"
"SLC1A3"	"5"
"SMN1"	"1"
"SOS1"	"6"
"SPAST"	"3"
"SPG7"	"3"
"SPTBN2"	"9"
"TAZ"	"3"
"TNNC1"	"3"
"TNNI3"	"8"
"TNNT2"	"15"
"TPM1"	"7"
"TTN"	"17"
"TTPA"	"3"
"VCL"	"8"
"VCP"	"7"
"RAB7A"	"3"
"CSRP3"	"7"
"GAN"	"1"
"CLTCL1"	"2"
"ELP1"	"3"
"TCAP"	"5"
"MTMR2"	"1"
"HSPB3"	"1"
"CTDP1"	"2"
"LITAF"	"1"
"SPTLC2"	"3"
"BAG3"	"4"
"ARHGEF10"	"1"
"FIG4"	"3"
"WASHC5"	"3"
"MFN2"	"2"
"SLC12A6"	"1"
"ABCC9"	"7"
"SIGMAR1"	"34"
"TFG"	"3"
"TUBB3"	"4"
"FBLN5"	"9"
"NEBL"	"4"
"SPTLC1"	"3"
"SEPT9"	"5"
"PNPLA6"	"3"
"LDB3"	"5"
"SCN11A"	"3"
"MORC2"	"1"
"CCT5"	"4"
"SETX"	"1"
"KIF1B"	"9"
"SPART"	"3"
"BICD2"	"2"
"TRIM2"	"3"
"ZFYVE26"	"3"
"ATL3"	"3"
"SACS"	"9"
"HSPB8"	"2"
"BSCL2"	"2"
"ANKRD1"	"6"
"PDLIM3"	"2"
"DCAF8"	"1"
"DHH"	"1"
"ATL1"	"4"
"SPG21"	"3"
"PRKAG2"	"2"
"MYOZ2"	"2"
"GDAP1"	"1"
"RETREG1"	"3"
"APTX"	"1"
"SLC52A1"	"1"
"DHTKD1"	"1"
"TDP1"	"1"
"TWNK"	"2"
"COQ8A"	"2"
"JPH2"	"2"
"PLEKHG5"	"3"
"PRX"	"2"
"GATAD1"	"2"
"PRDM12"	"3"
"TRPV4"	"14"
"GNB4"	"1"
"SLC5A7"	"5"
"SIL1"	"2"
"INF2"	"3"
"REEP1"	"2"
"WNK1"	"5"
"TMEM43"	"3"
"SLC52A2"	"1"
"SH3TC2"	"1"
"MYH14"	"1"
"SPG11"	"4"
"FBXO38"	"1"
"SBF2"	"1"
"MED25"	"1"
"LAS1L"	"1"
"MYPN"	"4"
"LRSAM1"	"1"
"SLC25A46"	"2"
"C12orf65"	"2"
"NEXN"	"4"
"SLC52A3"	"2"
"ZFYVE27"	"2"
"FGD4"	"1"
"SYT2"	"5"
"TTBK2"	"9"
"RBM20"	"2"
"CHCHD10"	"2"
"CACNA1A"	"10"
"CHD2"	"12"
"COL4A1"	"11"
"DNM1"	"2"
"EEF1A2"	"2"
"FGF12"	"1"
"GRIN2D"	"1"
"HNRNPU"	"1"
"KCNA2"	"18"
"KCNB1"	"1"
"KCNQ2"	"19"
"MDH2"	"8"
"PIGA"	"2"
"MAPK10"	"1"
"SCN1A"	"9"
"SCN1B"	"3"
"SCN2A"	"5"
"SCN8A"	"15"
"SLC6A1"	"19"
"SPTAN1"	"3"
"CDKL5"	"19"
"STXBP1"	"2"
"SLC35A2"	"1"
"AP3B2"	"1"
"CASK"	"13"
"SLC25A12"	"3"
"SYNJ1"	"2"
"CACNA2D2"	"3"
"GABBR2"	"2"
"GPHN"	"5"
"WDR45"	"2"
"PNKP"	"19"
"ARHGEF9"	"2"
"SZT2"	"1"
"FRRS1L"	"1"
"PTPN23"	"2"
"NECAP1"	"1"
"IER3IP1"	"3"
"WWOX"	"15"
"PNPO"	"8"
"KCNQ5"	"1"
"TBC1D24"	"8"
"SLC12A5"	"29"
"AARS2"	"2"
"PCDH19"	"5"
"KCNT1"	"1"
"ARV1"	"1"
"ROGDI"	"2"
"SLC25A22"	"1"
"ALG13"	"2"
"PIGO"	"1"
"DOCK7"	"1"
"SIK1"	"9"
"ARX"	"4"
"SLC13A5"	"4"
"HCN1"	"19"
"BOLA3"	"2"
"ABAT"	"14"
"ACAT1"	"15"
"ADORA2A"	"31"
"ADRA1B"	"16"
"ALPL"	"17"
"CYP11A1"	"16"
"FOXG1"	"20"
"GABRA5"	"20"
"GAMT"	"17"
"IDH2"	"37"
"IMPA1"	"14"
"KCNJ11"	"23"
"LETM1"	"17"
"NGFR"	"15"
"PAM"	"17"
"PRKCD"	"27"
"REST"	"16"
"SLC8A1"	"23"
"SLC8A3"	"21"
"SSTR2"	"23"
"SYN2"	"14"
"TSC2"	"31"
"SLC30A1"	"14"
"NRP2"	"14"
"RBFOX1"	"14"
"PLPPR1"	"14"
"MIB1"	"15"
"PIGM"	"15"
"ABCA1"	"6"
"AGER"	"14"
"ALOX5AP"	"3"
"ALOX15"	"2"
"APOA4"	"6"
"CETP"	"4"
"HRH1"	"2"
"HSPA1B"	"9"
"CCL4"	"20"
"VCAM1"	"10"
"BMP4"	"8"
"CDH5"	"4"
"CFTR"	"9"
"CTBP1"	"1"
"DCC"	"10"
"EYA4"	"2"
"FAT1"	"11"
"FBN2"	"6"
"FEN1"	"2"
"GPX4"	"11"
"GUCY2C"	"3"
"KDR"	"35"
"SMAD2"	"10"
"SMAD4"	"18"
"SMAD7"	"4"
"MSH2"	"19"
"NME2"	"6"
"POLD1"	"6"
"POLE"	"12"
"RET"	"25"
"SFRP1"	"2"
"SFRP2"	"8"
"SFRP4"	"8"
"SFRP5"	"1"
"SCG5"	"8"
"TCN2"	"10"
"TK1"	"4"
"UNG"	"1"
"ANP32A"	"1"
"ABCC3"	"4"
"TNFSF13"	"4"
"NEURL1"	"1"
"DCLK1"	"3"
"ABCG2"	"15"
"ABCG1"	"2"
"ABCC5"	"2"
"ABCB6"	"4"
"ABCC4"	"9"
"DLC1"	"5"
"POLD3"	"2"
"STRAP"	"2"
"WIF1"	"4"
"SYNE1"	"10"
"LY96"	"5"
"CHD5"	"2"
"GREM1"	"8"
"MLH3"	"7"
"ING4"	"2"
"EVL"	"2"
"RNF43"	"15"
"ACKR3"	"4"
"SOX17"	"5"
"GALNT12"	"4"
"ZKSCAN3"	"1"
"RHPN2"	"2"
"CABLES1"	"1"
"GATA5"	"5"
"VTI1A"	"7"
"CACUL1"	"1"
"TCERG1L"	"2"
"APOB"	"8"
"CES1"	"5"
"CTF1"	"2"
"CYP7A1"	"3"
"MYLK"	"14"
"SELE"	"13"
"NR4A3"	"5"
"NCF1"	"8"
"APOA2"	"3"
"APOC2"	"6"
"SCARB1"	"18"
"CELSR2"	"1"
"F13A1"	"4"
"GCLM"	"3"
"LCAT"	"2"
"LIPC"	"4"
"PON2"	"4"
"ST3GAL4"	"3"
"SREBF2"	"3"
"LDLRAP1"	"1"
"STAP1"	"1"
"ANGPTL3"	"1"
"MYLIP"	"3"
"SAR1B"	"1"
"NYNRIN"	"1"
"LMF1"	"1"
"GPIHBP1"	"1"
"CD68"	"8"
"CPT1A"	"5"
"CYBB"	"10"
"GUCA2B"	"1"
"PAX2"	"7"
"PTGS1"	"14"
"ADIPOR1"	"2"
"RETN"	"8"
"GHR"	"2"
"PPP1R17"	"1"
"BUB1"	"2"
"BUB1B"	"12"
"CAD"	"1"
"CDO1"	"2"
"CPE"	"2"
"HAPLN1"	"2"
"CSE1L"	"1"
"CUX1"	"10"
"DPEP1"	"1"
"GNAS"	"18"
"MSH6"	"17"
"GUCY1A2"	"1"
"IL6ST"	"21"
"LAMC1"	"2"
"LIFR"	"4"
"MCC"	"8"
"MMP11"	"3"
"COX1"	"6"
"NTHL1"	"4"
"PER1"	"7"
"PKHD1"	"3"
"PMS2"	"18"
"PRKD1"	"8"
"TGM2"	"19"
"TIAM1"	"5"
"WRN"	"6"
"ZNF217"	"1"
"CUBN"	"3"
"AKAP12"	"1"
"RASSF2"	"2"
"ZEB2"	"6"
"NAMPT"	"6"
"TENM1"	"1"
"TPX2"	"1"
"ACSL5"	"4"
"SH3TC1"	"1"
"KRT20"	"7"
"NXN"	"1"
"TNS4"	"1"
"CD109"	"1"
"ADAMTS15"	"1"
"RNF182"	"1"
"ABCB5"	"2"
"ABCA3"	"3"
"AREG"	"17"
"CMA1"	"3"
"CCR3"	"12"
"CFD"	"14"
"ELN"	"8"
"FGF1"	"7"
"CXCL2"	"31"
"IL5"	"7"
"IL13"	"21"
"LAMB1"	"7"
"PDGFA"	"11"
"PDGFB"	"5"
"PTX3"	"8"
"CCL11"	"12"
"SKIL"	"7"
"STAT6"	"8"
"FAM13A"	"5"
"CYSLTR2"	"2"
"PARN"	"2"
"SFTPC"	"5"
"TERC"	"3"
"ATP11A"	"2"
"RTEL1"	"5"
"STN1"	"3"
"DPP9"	"2"
"SFTPA1"	"2"
"MUC5B"	"2"
"SFTPA2"	"2"
"ABCB7"	"1"
"ARCN1"	"2"
"GABRA4"	"1"
"UROC1"	"4"
"ABCF1"	"4"
"CASP1"	"16"
"CCR6"	"7"
"CXCR3"	"10"
"IL1R1"	"8"
"IL2RB"	"5"
"IL5RA"	"5"
"CXCR2"	"19"
"ITGB2"	"14"
"MYD88"	"15"
"PF4"	"4"
"CCL8"	"6"
"CCL17"	"6"
"CCL19"	"5"
"CCL24"	"6"
"CXCL5"	"4"
"CX3CL1"	"8"
"CCR9"	"11"
"IL33"	"10"
"ABCA4"	"3"
"FGF8"	"10"
"FGF10"	"6"
"IRF6"	"3"
"MSX1"	"3"
"PTCH1"	"29"
"NECTIN1"	"1"
"THAS"	"2"
"SUMO1"	"3"
"MAFB"	"2"
"MTHFS"	"3"
"BHMT2"	"3"
"BBS2"	"3"
"CA4"	"1"
"CACNA1F"	"1"
"CNGB1"	"1"
"CNGA1"	"1"
"CNGA3"	"1"
"CRX"	"2"
"OPN1MW"	"1"
"GUCA1A"	"1"
"GUCA1B"	"1"
"GUCY2D"	"3"
"IDH3B"	"1"
"IMPDH1"	"2"
"MAK"	"2"
"NEK2"	"1"
"NRL"	"1"
"PDE6A"	"1"
"PDE6G"	"1"
"PDE6B"	"1"
"RBP3"	"1"
"OPN1LW"	"1"
"PRPH2"	"1"
"RGR"	"1"
"RHO"	"1"
"RLBP1"	"1"
"ROM1"	"1"
"RP9"	"1"
"RP1"	"1"
"RP2"	"3"
"RPGR"	"4"
"RPE65"	"2"
"SAG"	"1"
"TUB"	"1"
"TULP1"	"2"
"USH2A"	"1"
"CLRN1"	"1"
"BEST1"	"2"
"OFD1"	"7"
"ADAM9"	"1"
"UNC119"	"1"
"PRPF4"	"5"
"PRPF3"	"1"
"RAB28"	"1"
"IFT140"	"4"
"NR2E3"	"1"
"TOPORS"	"2"
"MERTK"	"10"
"PRPF8"	"3"
"ATF6"	"1"
"RIMS1"	"1"
"SNRNP200"	"1"
"TTLL5"	"4"
"ARHGEF18"	"1"
"CRB1"	"2"
"ARL2BP"	"1"
"AIPL1"	"2"
"PRPF6"	"1"
"FSCN2"	"1"
"PRPF31"	"1"
"IFT172"	"4"
"SCAPER"	"4"
"IMPG2"	"1"
"POMGNT1"	"5"
"SPATA7"	"2"
"KIZ"	"1"
"KLHL7"	"2"
"RPGRIP1"	"3"
"SLC7A14"	"1"
"AGBL5"	"1"
"SEMA4A"	"3"
"NMNAT1"	"3"
"ZNF408"	"1"
"DHDDS"	"1"
"PITPNM3"	"1"
"ARL6"	"3"
"FAM161A"	"1"
"RAX2"	"1"
"CDHR1"	"1"
"REEP6"	"1"
"CACNA2D4"	"1"
"TTC8"	"3"
"DRAM2"	"1"
"ZNF513"	"1"
"HGSNAT"	"1"
"RDH12"	"2"
"C8orf37"	"2"
"POC1B"	"1"
"EYS"	"1"
"CERKL"	"1"
"PCARE"	"1"
"PRCD"	"1"
"CFB"	"4"
"C2"	"2"
"CFH"	"2"
"CFI"	"1"
"TIMP3"	"7"
"SQSTM1"	"4"
"SLC16A8"	"1"
"C1QTNF5"	"1"
"ARMS2"	"1"
"IGH"	"3"
"AFF1"	"2"
"PBX1"	"8"
"PC"	"2"
"PDGFRA"	"17"
"PIK3R1"	"12"
"SMARCA4"	"15"
"GNA13"	"3"
"CCT6B"	"2"
"FTCD"	"2"
"AUTS2"	"5"
"FOXP1"	"9"
"BBC3"	"8"
"SALL3"	"3"
"A4GALT"	"2"
"CA9"	"1"
"CSF3R"	"3"
"HMMR"	"3"
"PRTN3"	"1"
"PRAME"	"20"
"SETBP1"	"8"
"ETNK1"	"4"
"ASXL1"	"7"
"ALK"	"20"
"ASIP"	"4"
"CAPN1"	"1"
"CASP10"	"17"
"CDK2"	"4"
"CTH"	"1"
"CTLA4"	"15"
"DDB2"	"4"
"EPOR"	"4"
"ERCC3"	"11"
"ERCC5"	"5"
"PTK2B"	"9"
"GNA11"	"2"
"GNAQ"	"4"
"TNC"	"6"
"KLRB1"	"1"
"MAGEA1"	"1"
"MELTF"	"1"
"MITF"	"15"
"MAP3K9"	"3"
"MMP8"	"2"
"MTAP"	"1"
"MX2"	"2"
"NF1"	"43"
"PAK1"	"8"
"PAX4"	"6"
"PDCD1"	"1"
"PPP6C"	"4"
"PTPRK"	"1"
"RAP1GAP"	"7"
"RASA2"	"2"
"ROS1"	"9"
"RPS3"	"1"
"SDHD"	"7"
"PMEL"	"1"
"SIPA1"	"1"
"SYK"	"4"
"TYRP1"	"6"
"VEGFC"	"2"
"XRCC3"	"10"
"TRRAP"	"7"
"RIN1"	"1"
"GAB2"	"1"
"MAGEC1"	"1"
"AKT3"	"5"
"HDAC6"	"4"
"KLRK1"	"1"
"SUZ12"	"14"
"QPCT"	"3"
"POT1"	"6"
"SLC45A2"	"8"
"STX17"	"1"
"TNFRSF19"	"1"
"LXN"	"1"
"WFDC1"	"1"
"FAT4"	"8"
"BATF2"	"1"
"CA1"	"6"
"CKB"	"10"
"EEF2"	"13"
"GAGE1"	"7"
"GRB7"	"11"
"HOXA10"	"6"
"HSPA8"	"9"
"HSPD1"	"25"
"KCNQ1"	"10"
"MMP14"	"8"
"MPP1"	"5"
"MUC2"	"11"
"PGAM1"	"11"
"PGR"	"14"
"PTGER1"	"7"
"SMARCC1"	"5"
"SYCP1"	"7"
"CYP7B1"	"11"
"PLCE1"	"7"
"GMPR2"	"5"
"GKN1"	"8"
"HRH4"	"6"
"ATR"	"16"
"BMX"	"1"
"BTK"	"5"
"CAMK4"	"3"
"EPHA3"	"3"
"EPHA5"	"3"
"NEK1"	"6"
"DDR2"	"5"
"LATS1"	"17"
"CDC42BPB"	"3"
"MAP3K2"	"1"
"LMTK2"	"1"
"RPS6KA6"	"1"
"ALPK3"	"4"
"WNK3"	"3"
"STK33"	"1"
"BRSK1"	"3"
"TTBK1"	"2"
"MYO18B"	"4"
"DCLK3"	"5"
"TRPM6"	"1"
"NIM1K"	"1"
"XIAP"	"5"
"BCL2A1"	"2"
"GNG7"	"1"
"SFN"	"6"
"MAP3K3"	"1"
"MT1G"	"1"
"RNF6"	"3"
"SERPINB3"	"6"
"SNAI2"	"2"
"TPM4"	"6"
"TUFM"	"2"
"UCHL1"	"3"
"LZTS1"	"1"
"AKAP13"	"7"
"FBXO4"	"1"
"DEC1"	"1"
"RPRM"	"3"
"SMYD2"	"1"
"SLC30A7"	"1"
"MARCH8"	"1"
"ZFP36L2"	"1"
"CCND3"	"1"
"HNRNPH1"	"1"
"TLX1"	"2"
"LMO1"	"1"
"LMO2"	"1"
"MYB"	"6"
"MYCN"	"14"
"CNOT3"	"1"
"PTPN2"	"8"
"RPL5"	"6"
"RPL10"	"2"
"SALL2"	"2"
"SET"	"1"
"STIL"	"4"
"SPI1"	"6"
"TRA"	"3"
"TRB"	"1"
"TRD"	"1"
"TRG"	"1"
"TYK2"	"17"
"ZBTB16"	"2"
"MLLT10"	"9"
"TCL1A"	"1"
"CTCF"	"5"
"TLX3"	"1"
"BCL11B"	"1"
"PHF6"	"1"
"ECT2L"	"1"
"ATRX"	"12"
"AXL"	"9"
"CLPTM1"	"2"
"DAXX"	"4"
"SLC29A1"	"2"
"FGF13"	"2"
"NR5A2"	"3"
"NR4A1"	"5"
"IFNA5"	"2"
"PDX1"	"6"
"LY6E"	"3"
"MEN1"	"3"
"FXYD3"	"2"
"RBBP8"	"5"
"MAP2K4"	"9"
"SSTR1"	"9"
"SSTR3"	"9"
"VEGFB"	"2"
"TNFRSF10B"	"6"
"CFLAR"	"5"
"BCAR1"	"2"
"ANXA10"	"2"
"PALLD"	"2"
"ETAA1"	"2"
"SUGCT"	"2"
"ZNRF3"	"4"
"CD24"	"2"
"LINC00673"	"2"
"FSHB"	"5"
"GGT1"	"6"
"GHSR"	"3"
"LHB"	"7"
"NPY5R"	"2"
"GALR3"	"4"
"TBX19"	"3"
"CDK20"	"2"
"TAS2R16"	"2"
"RCBTB1"	"2"
"ARNTL2"	"1"
"CLDN7"	"1"
"EHMT2"	"6"
"WNT4"	"1"
"ATAD5"	"1"
"SYNPO2"	"1"
"GPX6"	"1"
"RSPO1"	"3"
"ANK2"	"3"
"NKX2-5"	"9"
"EDNRA"	"9"
"FOXF2"	"1"
"IRF1"	"8"
"ITGA2B"	"4"
"ITGAV"	"1"
"ITGB3"	"4"
"KCNK3"	"3"
"PDE3A"	"2"
"PITX2"	"4"
"PRKAA2"	"2"
"RGS7"	"4"
"UCP2"	"14"
"WNT2B"	"1"
"PLA2G7"	"3"
"SH3PXD2A"	"3"
"TSPAN2"	"1"
"LRCH1"	"1"
"ZCCHC14"	"1"
"SMOX"	"1"
"CASZ1"	"1"
"VKORC1"	"2"
"PAOX"	"1"
"ACLY"	"6"
"ADRA2C"	"6"
"ADRB3"	"11"
"GRK2"	"8"
"AGTR1"	"8"
"APOC1"	"5"
"ATP2A1"	"5"
"AVPR2"	"6"
"CS"	"6"
"EDNRB"	"7"
"GATM"	"9"
"MSTN"	"5"
"HTR2B"	"5"
"ITGB1"	"11"
"NPR1"	"7"
"OLR1"	"9"
"PEBP1"	"15"
"PCK1"	"9"
"PIK3CG"	"13"
"PPP1R1A"	"5"
"PRKAR2B"	"6"
"PTH"	"11"
"RBP4"	"13"
"SLC9A1"	"12"
"UCP1"	"7"
"XDH"	"20"
"PPARGC1A"	"11"
"ELOVL6"	"5"
"KAT8"	"6"
"UCN2"	"6"
"ACACB"	"1"
"ACADM"	"2"
"ACP5"	"2"
"ADCY3"	"3"
"ADRB2"	"8"
"AGRP"	"1"
"AQP7"	"1"
"STS"	"10"
"CA3"	"1"
"ENTPD6"	"1"
"COX7C"	"1"
"CPB2"	"1"
"CTSS"	"2"
"CYB5A"	"4"
"DDIT3"	"13"
"ECHS1"	"4"
"EFNB1"	"9"
"ETFDH"	"2"
"ACSL1"	"10"
"FOXO3"	"9"
"GFPT1"	"6"
"HADH"	"2"
"HK2"	"2"
"HOXB5"	"1"
"KCNMA1"	"14"
"LEPR"	"16"
"MC4R"	"7"
"ME1"	"1"
"ALDH6A1"	"2"
"MUT"	"1"
"NHLH2"	"1"
"PCSK1"	"1"
"ENPP1"	"7"
"PFKFB3"	"7"
"PLIN1"	"1"
"PPARD"	"6"
"PRKCH"	"6"
"PTPN1"	"7"
"SIM1"	"2"
"SLC22A2"	"1"
"UCP3"	"1"
"UQCRC2"	"1"
"VLDLR"	"2"
"AKAP1"	"1"
"GAS7"	"1"
"SUCLG2"	"3"
"SUCLA2"	"2"
"SLC16A7"	"1"
"SDC3"	"1"
"RAI1"	"7"
"ALDH1L1"	"1"
"RAB21"	"1"
"TBC1D1"	"1"
"ZFR2"	"1"
"SIRT3"	"3"
"MTCH2"	"1"
"SH2B1"	"1"
"FGF21"	"21"
"AFF4"	"1"
"ZBTB7B"	"1"
"DCXR"	"1"
"CYCS"	"6"
"PACS1"	"5"
"CYP26B1"	"4"
"INPP5E"	"7"
"ATPAF1"	"1"
"KCTD15"	"1"
"NEIL1"	"9"
"WNT3A"	"2"
"LACTB"	"1"
"TMEM18"	"2"
"GNPDA2"	"1"
"PPARGC1B"	"2"
"APCDD1"	"1"
"PPM1L"	"1"
"ZNF169"	"1"
"RMST"	"1"
"NEGR1"	"1"
"ACTA1"	"6"
"ADCY6"	"1"
"CHRNA1"	"4"
"CHRNE"	"3"
"CHRNG"	"5"
"CNTN1"	"1"
"GBA"	"14"
"GBE1"	"5"
"GLE1"	"3"
"HSPG2"	"9"
"MUSK"	"3"
"MYBPC1"	"1"
"MYH2"	"1"
"MYH3"	"1"
"MYH8"	"1"
"MYO9A"	"3"
"NEB"	"1"
"PI4KA"	"2"
"PLEC"	"4"
"RAPSN"	"3"
"RYR1"	"9"
"TNNI2"	"1"
"TNNT3"	"1"
"TPM2"	"3"
"UBA1"	"2"
"CNTNAP1"	"2"
"AIMP1"	"3"
"ECEL1"	"1"
"ZMPSTE24"	"4"
"VPS8"	"1"
"PIP5K1C"	"1"
"SLC35A3"	"1"
"KAT6B"	"6"
"VPS33B"	"4"
"ZC4H2"	"4"
"LMOD3"	"1"
"ADGRG6"	"1"
"FKBP10"	"2"
"VIPAS39"	"4"
"PIEZO2"	"2"
"NEK9"	"1"
"CHST14"	"4"
"LGI4"	"1"
"IBA57"	"2"
"NALCN"	"1"
"DOK7"	"3"
"LGALS2"	"2"
"PARK7"	"15"
"CRYL1"	"1"
"SNAI3"	"1"
"ADARB1"	"3"
"ADCY2"	"2"
"AVPR1B"	"1"
"DDC"	"14"
"DLG3"	"6"
"GABRA3"	"1"
"GNAL"	"2"
"HSPA4"	"3"
"IMPA2"	"3"
"INPP1"	"1"
"NFIX"	"1"
"PFKL"	"1"
"RGS4"	"3"
"NEK4"	"2"
"TSPAN8"	"2"
"HSP90B1"	"1"
"TSNAX"	"1"
"XBP1"	"9"
"ST8SIA2"	"1"
"NAPG"	"1"
"ERDA1"	"1"
"SYNGR1"	"6"
"GPR50"	"3"
"HCG9"	"1"
"PDLIM5"	"4"
"CUX2"	"2"
"LMAN2L"	"7"
"DGKH"	"4"
"TAAR6"	"1"
"ACADVL"	"1"
"AGL"	"1"
"SLC25A4"	"2"
"FHL1"	"1"
"FLNC"	"1"
"GLB1"	"13"
"GUSB"	"3"
"MYL4"	"2"
"MYO6"	"5"
"NDUFS1"	"4"
"TBCA"	"1"
"KLF10"	"2"
"TNNC2"	"2"
"SHOC2"	"3"
"MYOM1"	"1"
"SCO2"	"5"
"TSFM"	"1"
"MRPL3"	"1"
"HEY2"	"17"
"TMEM70"	"2"
"FOXRED1"	"6"
"MYL7"	"1"
"TRIM63"	"1"
"MYLK2"	"2"
"CALR3"	"1"
"COA5"	"2"
"ASIC1"	"3"
"ADD3"	"5"
"IL10RB"	"2"
"IL12RB1"	"3"
"DYNLL1"	"2"
"IL17RA"	"2"
"DIABLO"	"2"
"ASTN1"	"2"
"SERPINC1"	"5"
"IL7"	"3"
"IL9R"	"1"
"IL12RB2"	"1"
"IL13RA2"	"1"
"TLR1"	"1"
"TNFSF12"	"1"
"TNFRSF14"	"4"
"IL18R1"	"1"
"PGLYRP1"	"1"
"LY86"	"2"
"TRAF4"	"1"
"TNFRSF13B"	"2"
"CLEC4E"	"1"
"TLR9"	"7"
"IL17RD"	"4"
"LSG1"	"1"
"TNFRSF13C"	"1"
"IL31RA"	"2"
"IFNL3"	"6"
"TICAM2"	"1"
"ACY1"	"6"
"APAF1"	"9"
"CAPG"	"9"
"CASP2"	"9"
"CNN2"	"6"
"CTSB"	"10"
"EPAS1"	"10"
"IL4R"	"7"
"KRT7"	"13"
"KRT32"	"6"
"LDHB"	"7"
"MUC4"	"7"
"PDHB"	"6"
"PRCC"	"6"
"ELOC"	"6"
"TFE3"	"6"
"KDM5C"	"9"
"UNC5C"	"6"
"CRADD"	"6"
"FPGT"	"6"
"RPL14"	"7"
"ZNF536"	"6"
"KEAP1"	"8"
"CUL7"	"7"
"CPQ"	"6"
"BTG3"	"10"
"RNF139"	"6"
"PDXDC1"	"6"
"SYNE2"	"9"
"YIPF3"	"6"
"PNKD"	"6"
"LRP1B"	"6"
"TET2"	"10"
"PIDD1"	"6"
"AP5M1"	"6"
"FMN2"	"6"
"SPTBN4"	"8"
"AHNAK"	"7"
"BIRC7"	"6"
"CARD11"	"13"
"DIRC2"	"6"
"NAV3"	"6"
"ZNF765"	"6"
"NLRP12"	"7"
"CSMD3"	"10"
"LRRK2"	"19"
"ASB15"	"6"
"DNHD1"	"6"
"FAAH2"	"6"
"OR4C13"	"6"
"VMO1"	"6"
"MSGN1"	"6"
"FAM111B"	"6"
"HLA-DPB1"	"15"
"LNPEP"	"4"
"PNOC"	"7"
"REL"	"8"
"SYP"	"9"
"AKAP5"	"4"
"HRH3"	"11"
"GIT1"	"7"
"SPHK2"	"12"
"SLC17A6"	"6"
"AOAH"	"2"
"ARRB2"	"3"
"CENPCP1"	"2"
"CD55"	"4"
"GDNF"	"36"
"SERPINA5"	"3"
"PDE6C"	"2"
"POU5F1"	"6"
"PRKG1"	"6"
"MAP2K5"	"2"
"HS3ST4"	"2"
"RALY"	"2"
"ZNF423"	"2"
"ASTN2"	"2"
"ACSL6"	"3"
"FKBP15"	"6"
"AK5"	"2"
"RGS17"	"3"
"PCOLCE2"	"2"
"CCHCR1"	"3"
"MARC2"	"2"
"SMYD3"	"2"
"MARC1"	"2"
"ZNF385D"	"6"
"TRPM3"	"2"
"DCSTAMP"	"4"
"USP48"	"2"
"PROKR2"	"4"
"SGCZ"	"2"
"COL28A1"	"2"
"SH3RF3"	"2"
"ATXN7"	"13"
"SLC12A2"	"12"
"XK"	"1"
"MICU1"	"4"
"UTS2"	"1"
"TSEN34"	"8"
"TSEN2"	"8"
"TSEN54"	"8"
"BMPR1A"	"2"
"ERN1"	"8"
"FLT4"	"6"
"MAPK8"	"8"
"TEK"	"10"
"BRD3"	"8"
"ICK"	"4"
"MYO3A"	"3"
"TMEM127"	"7"
"RIOK2"	"1"
"CDK15"	"2"
"APOD"	"6"
"PDE1B"	"2"
"CAMKMT"	"2"
"RNF135"	"2"
"ACO1"	"2"
"AK4"	"2"
"ATP6V1B2"	"9"
"BMP6"	"5"
"RUNX2"	"7"
"CLIC1"	"4"
"COL2A1"	"20"
"COL6A2"	"4"
"COMP"	"4"
"AKR1C1"	"8"
"AKR1C2"	"7"
"ESD"	"2"
"ETFA"	"2"
"FRZB"	"2"
"GLS"	"3"
"IDH3A"	"2"
"LTBP3"	"4"
"MATN3"	"4"
"MSN"	"6"
"NDUFV1"	"6"
"NDUFS8"	"7"
"OPA1"	"2"
"PLCD1"	"2"
"PLS3"	"3"
"POU3F3"	"2"
"PPP2R1A"	"2"
"PSMB1"	"3"
"RAN"	"6"
"CXCL6"	"3"
"SDCBP"	"2"
"SDHA"	"14"
"SGCG"	"2"
"TXNRD1"	"14"
"VDAC2"	"9"
"EZR"	"5"
"GDF5"	"5"
"MYH13"	"2"
"ALDH1A2"	"10"
"SCRN1"	"3"
"MVP"	"2"
"PDCD6IP"	"2"
"EDIL3"	"2"
"TRAP1"	"3"
"ADGRG2"	"2"
"ACAA2"	"3"
"SEC23A"	"3"
"P3H3"	"2"
"YWHAQ"	"2"
"IMMT"	"2"
"CLIC4"	"2"
"HIBCH"	"2"
"DAPP1"	"2"
"ASPN"	"2"
"RCN3"	"2"
"ISOC2"	"2"
"ACO2"	"1"
"AKR1B1"	"6"
"EBF1"	"8"
"GNRH1"	"3"
"IFRD1"	"1"
"IGFBP6"	"5"
"LCT"	"2"
"LIM2"	"3"
"SEPT5"	"2"
"PROS1"	"4"
"THBD"	"4"
"SLC25A11"	"1"
"CES3"	"2"
"CHPT1"	"1"
"ATP2A3"	"10"
"BDKRB1"	"7"
"ESRRA"	"4"
"GCK"	"6"
"GPD2"	"8"
"IAPP"	"5"
"ID1"	"5"
"MFGE8"	"6"
"ND1"	"5"
"NEUROD1"	"4"
"NKX6-1"	"4"
"PAX6"	"10"
"PCSK2"	"4"
"PFKM"	"4"
"PKLR"	"3"
"S100A6"	"13"
"SLC9A3"	"3"
"TIMP2"	"7"
"YWHAH"	"3"
"AOC3"	"5"
"S1PR4"	"3"
"S1PR2"	"3"
"S1PR5"	"3"
"GPAM"	"3"
"ABCD1"	"2"
"ASPA"	"1"
"BCS1L"	"5"
"ERCC8"	"4"
"CLCN2"	"4"
"COX10"	"6"
"COX15"	"4"
"CSF1R"	"6"
"DGUOK"	"3"
"EIF2B1"	"1"
"FUCA1"	"1"
"GALC"	"1"
"GFAP"	"12"
"HEXA"	"4"
"HMBS"	"1"
"HSD17B4"	"5"
"LMNB1"	"1"
"NDUFA2"	"4"
"NDUFS2"	"4"
"NDUFS4"	"6"
"OCRL"	"3"
"PEX1"	"8"
"PEX6"	"11"
"PEX10"	"7"
"PEX12"	"7"
"PPT1"	"1"
"PRF1"	"14"
"HTRA1"	"1"
"PSAP"	"1"
"SCO1"	"3"
"SCP2"	"2"
"SDHB"	"9"
"SLC16A2"	"4"
"STXBP2"	"1"
"SURF1"	"7"
"TYROBP"	"2"
"PEX3"	"7"
"RNASET2"	"1"
"STX11"	"1"
"EIF2B4"	"1"
"EIF2B3"	"1"
"EIF2B2"	"1"
"EIF2B5"	"1"
"RAB11B"	"2"
"POLR1C"	"1"
"BCAP31"	"1"
"TUBB4A"	"3"
"RNASEH2A"	"2"
"NPC2"	"3"
"POLR3A"	"2"
"POLG2"	"1"
"TREX1"	"4"
"POLR1A"	"1"
"SAMHD1"	"1"
"SLC17A5"	"2"
"COQ2"	"2"
"PYCR2"	"2"
"PSAT1"	"2"
"RRM2B"	"2"
"MRPS16"	"1"
"NDUFAF1"	"3"
"TACO1"	"5"
"TMEM106B"	"1"
"DARS2"	"1"
"PEX26"	"8"
"POLR3B"	"5"
"VPS11"	"1"
"COQ9"	"1"
"GJC2"	"2"
"MCOLN1"	"1"
"IFIH1"	"6"
"FA2H"	"2"
"RNASEH2B"	"1"
"L2HGDH"	"7"
"RNASEH2C"	"1"
"NKX6-2"	"2"
"FAM126A"	"9"
"GFM1"	"1"
"ACBD5"	"1"
"ATPAF2"	"1"
"CYP2U1"	"2"
"ISCA2"	"1"
"EARS2"	"1"
"NAXE"	"1"
"MPLKIP"	"1"
"UNC13D"	"1"
"HEPACAM"	"1"
"SUMF1"	"3"
"NDUFS7"	"6"
"GTF2H5"	"1"
"SDHAF1"	"1"
"SNORD118"	"1"
"D2HGDH"	"1"
"ACP1"	"1"
"CDH7"	"1"
"CSF2RB"	"1"
"CTNND2"	"4"
"EMP1"	"2"
"FKBP4"	"2"
"GRIA2"	"12"
"HSPA1L"	"2"
"HSP90AA1"	"3"
"KPNA3"	"1"
"LRP1"	"1"
"LSAMP"	"1"
"MAP2"	"5"
"PRKCB"	"8"
"PTPRR"	"2"
"SGK1"	"10"
"SLC1A6"	"1"
"SLIT3"	"1"
"TEF"	"2"
"TFCP2"	"1"
"LRP8"	"2"
"PEA15"	"1"
"KALRN"	"2"
"QKI"	"4"
"IKBKE"	"2"
"RNF41"	"1"
"AKAP8"	"1"
"MYT1L"	"2"
"EHD3"	"5"
"NTM"	"1"
"GMIP"	"1"
"GDE1"	"1"
"SRRT"	"1"
"CC2D1A"	"1"
"SLC6A15"	"2"
"MCTP2"	"1"
"GLT8D1"	"1"
"PROK2"	"4"
"LHPP"	"2"
"PINK1"	"11"
"ACSM1"	"1"
"DCANP1"	"2"
"FREM3"	"5"
"CMYA5"	"1"
"TSNAX-DISC1"	"1"
"ACAN"	"2"
"NKX3-2"	"1"
"BLM"	"4"
"BMPR1B"	"5"
"CASR"	"2"
"CLCN5"	"4"
"COL5A1"	"8"
"COL9A1"	"11"
"COL9A2"	"6"
"COL9A3"	"4"
"COL10A1"	"1"
"COL11A1"	"14"
"COL11A2"	"4"
"CTSK"	"5"
"DSPP"	"3"
"SLC26A2"	"2"
"EVC"	"2"
"EXT1"	"2"
"EXT2"	"2"
"FGD1"	"5"
"FLNB"	"2"
"GHRHR"	"1"
"GLI2"	"12"
"IHH"	"7"
"KIF22"	"1"
"LRP4"	"6"
"LRP6"	"1"
"LRP5"	"8"
"MMP13"	"1"
"TRIM37"	"1"
"NPR2"	"2"
"ROR2"	"2"
"P4HB"	"7"
"PHEX"	"2"
"PLOD1"	"4"
"POU1F1"	"3"
"PPIB"	"2"
"PRKAR1A"	"6"
"PROP1"	"4"
"PTH1R"	"2"
"PYCR1"	"2"
"RPS6KA3"	"5"
"SHOX"	"2"
"SOX3"	"4"
"STAT5B"	"5"
"TBCE"	"1"
"THRB"	"1"
"TRPS1"	"4"
"LHX3"	"4"
"FGF23"	"2"
"TNFRSF11A"	"2"
"HESX1"	"5"
"PAPSS2"	"1"
"SMC3"	"5"
"TRIP11"	"1"
"EIF2AK3"	"10"
"CHST3"	"2"
"SEC24D"	"2"
"GPC6"	"5"
"CRTAP"	"1"
"SRCAP"	"2"
"B4GALT7"	"3"
"SLC35D1"	"1"
"SULF1"	"3"
"OBSL1"	"1"
"ATP6V0A2"	"3"
"NIPBL"	"3"
"POC1A"	"2"
"TCTN3"	"3"
"B3GAT3"	"2"
"SMARCAL1"	"1"
"SOST"	"8"
"TDP2"	"8"
"NBAS"	"1"
"TMCO1"	"5"
"DYM"	"1"
"IFT122"	"10"
"ANKH"	"3"
"FAM20C"	"4"
"WDR35"	"10"
"IFT80"	"2"
"P3H1"	"1"
"GNPTAB"	"3"
"DYNC2H1"	"2"
"CREB3L1"	"1"
"SLC39A13"	"3"
"GORAB"	"6"
"TRMT10A"	"4"
"SP7"	"1"
"CANT1"	"1"
"B3GALT6"	"2"
"EVC2"	"2"
"SLC34A3"	"1"
"GSC"	"1"
"TAPT1"	"1"
"ANO5"	"2"
"SH3PXD2B"	"2"
"PTPRQ"	"1"
"IFITM5"	"1"
"ACPP"	"3"
"ALOX12"	"3"
"AQP9"	"13"
"RERE"	"3"
"BTG1"	"4"
"C8B"	"4"
"CALD1"	"4"
"CD8B"	"3"
"CREM"	"8"
"DUSP2"	"3"
"DUSP4"	"3"
"ELF2"	"3"
"CTTN"	"4"
"FCGR1A"	"4"
"FOSL2"	"6"
"GMPR"	"3"
"GNG11"	"3"
"GP1BB"	"6"
"HIST1H2AE"	"3"
"HSPA6"	"3"
"ITGB5"	"3"
"KCNJ15"	"3"
"LPP"	"3"
"OSM"	"5"
"PGM5"	"3"
"PLAUR"	"5"
"STIM1"	"5"
"TFDP1"	"3"
"TFPI"	"4"
"TNFAIP6"	"19"
"TUBB2A"	"6"
"UBE2E1"	"8"
"RNF103"	"3"
"CXCR4"	"10"
"DYSF"	"4"
"HIST1H2BG"	"3"
"TNFRSF10C"	"3"
"CD83"	"9"
"KLF4"	"5"
"B4GALT5"	"3"
"PCYT1B"	"3"
"UBE3C"	"3"
"MTSS1"	"4"
"FCHSD2"	"3"
"RHOBTB1"	"3"
"PLK2"	"6"
"WASF3"	"3"
"FAXDC2"	"3"
"PACSIN2"	"3"
"R3HDM2"	"3"
"TNIK"	"8"
"UHRF1BP1L"	"3"
"AVL9"	"3"
"STAB1"	"4"
"MAFF"	"3"
"TNFAIP8"	"4"
"SIPA1L1"	"3"
"MEX3C"	"3"
"RBM47"	"3"
"FAM20A"	"4"
"ZFAND3"	"4"
"HERPUD2"	"3"
"SH3BGRL2"	"3"
"C2orf88"	"3"
"MAML2"	"3"
"ACRBP"	"3"
"C9orf3"	"5"
"SLC22A16"	"4"
"ANKRD9"	"3"
"BEND2"	"3"
"LACC1"	"1"
"CMTM2"	"3"
"RASGEF1B"	"3"
"CAMSAP1"	"3"
"ZFC3H1"	"3"
"JMJD1C"	"5"
"TREML1"	"3"
"LILRA5"	"3"
"MYZAP"	"3"
"AGTR2"	"5"
"PPP3R1"	"2"
"RPS6KB1"	"2"
"MTM1"	"2"
"MYF6"	"1"
"HACD1"	"3"
"SPEG"	"3"
"MAP3K20"	"1"
"SELENON"	"2"
"MTMR14"	"1"
"ORAI1"	"2"
"CCDC78"	"1"
"CHKB"	"3"
"COL4A2"	"2"
"COL6A1"	"3"
"COL6A3"	"5"
"PABPN1"	"1"
"DPM2"	"1"
"POMT1"	"5"
"B4GAT1"	"3"
"DOLK"	"2"
"SMCHD1"	"1"
"GMPPB"	"5"
"POMT2"	"4"
"INPP5K"	"2"
"DPM3"	"1"
"TRAPPC11"	"1"
"FKRP"	"4"
"POMK"	"5"
"POMGNT2"	"4"
"B3GALNT2"	"4"
"MYMK"	"2"
"ISPD"	"4"
"MAPK9"	"4"
"MAP3K7"	"1"
"ACVR1"	"20"
"AEBP1"	"1"
"ABCC6"	"2"
"ATP6V1A"	"1"
"BGN"	"5"
"C1R"	"4"
"C1S"	"2"
"CBS"	"15"
"COX7B"	"1"
"GGCX"	"1"
"MYH11"	"8"
"PKD2"	"4"
"ALDH18A1"	"4"
"TGFB3"	"7"
"TPSAB1"	"2"
"LTBP4"	"4"
"PLOD3"	"2"
"PRDM5"	"1"
"DSE"	"1"
"EFEMP2"	"4"
"RIN2"	"1"
"FKBP14"	"2"
"ROBO3"	"2"
"SLC2A10"	"4"
"ZNF469"	"2"
"KLF9"	"2"
"CPM"	"2"
"VCAN"	"5"
"DDX5"	"2"
"DIO2"	"4"
"ELAVL1"	"2"
"NR2F6"	"2"
"FBLN1"	"2"
"FMO2"	"2"
"NR5A1"	"6"
"HDAC1"	"4"
"HSD17B1"	"3"
"HSD17B2"	"3"
"IFIT1"	"3"
"IFNGR1"	"3"
"RBPJ"	"5"
"IL15"	"3"
"ITGA2"	"2"
"ITGB8"	"2"
"TACSTD2"	"2"
"NEFM"	"2"
"PRLR"	"6"
"PTGER2"	"2"
"PTGER4"	"8"
"PTGFR"	"2"
"RORB"	"2"
"SLC20A1"	"2"
"NR2F2"	"3"
"THRA"	"4"
"NR2C1"	"2"
"NR2C2"	"2"
"SPARCL1"	"5"
"STC2"	"4"
"CLDN1"	"3"
"MTA1"	"3"
"SLC16A6"	"2"
"MTA2"	"2"
"MED14"	"2"
"COPS2"	"2"
"MED17"	"3"
"GREB1"	"2"
"HS3ST3B1"	"2"
"NR1D2"	"2"
"MED16"	"2"
"UST"	"2"
"RASGRP1"	"8"
"TOB1"	"3"
"PLXNC1"	"2"
"OLFM4"	"2"
"TXNIP"	"6"
"CD226"	"5"
"BRD8"	"2"
"SMPDL3A"	"2"
"DKK1"	"2"
"NCOA6"	"2"
"NEDD4L"	"4"
"DICER1"	"6"
"ITGB3BP"	"2"
"SLC7A8"	"2"
"METTL7A"	"2"
"ABI3BP"	"2"
"MED4"	"2"
"KLF13"	"2"
"ERRFI1"	"4"
"SULF2"	"2"
"RXFP1"	"2"
"NDNF"	"2"
"ARHGAP28"	"2"
"SCGB3A1"	"2"
"OSR2"	"2"
"ANO4"	"6"
"CNIH3"	"2"
"RASL11A"	"2"
"FAM180A"	"2"
"CDKN2B-AS1"	"5"
"ACTN4"	"5"
"MYH10"	"2"
"MYO1E"	"2"
"NPHS1"	"4"
"TRPC6"	"2"
"NPHS2"	"3"
"APOL1"	"2"
"ANLN"	"4"
"CRB2"	"3"
"ATOX1"	"4"
"KRT19"	"6"
"CCS"	"4"
"FOXE3"	"5"
"FLNA"	"12"
"MAT2A"	"2"
"MFAP5"	"3"
"HCN4"	"5"
"ADORA1"	"11"
"ADORA3"	"1"
"F7"	"2"
"LDHA"	"1"
"PSMA6"	"2"
"SELL"	"1"
"TNFSF4"	"5"
"VDAC1"	"6"
"BRAP"	"1"
"DGKZ"	"1"
"TM6SF2"	"4"
"P2RY12"	"3"
"KIF6"	"1"
"MIAT"	"1"
"ACVRL1"	"3"
"COL4A5"	"1"
"DBP"	"1"
"ENG"	"3"
"SMAD6"	"9"
"PKD1"	"2"
"EMILIN1"	"1"
"UPF3B"	"3"
"COL18A1"	"7"
"ADAMTS10"	"2"
"HNRNPK"	"2"
"KCNN1"	"1"
"EYA1"	"2"
"FOXC1"	"10"
"FOXC2"	"6"
"ANOS1"	"3"
"ROBO2"	"4"
"SALL1"	"3"
"SIX1"	"5"
"UMOD"	"1"
"UPK2"	"1"
"UPK3A"	"1"
"BSND"	"1"
"ITGA8"	"3"
"KYNU"	"2"
"TBX18"	"1"
"CHD1L"	"5"
"LRIG2"	"1"
"SPRY1"	"1"
"RPGRIP1L"	"4"
"GRIP1"	"2"
"HAAO"	"1"
"DSTYK"	"2"
"NPHP3"	"4"
"CHD7"	"5"
"TSHZ3"	"2"
"HCN3"	"1"
"HPSE2"	"1"
"FRAS1"	"2"
"SIX5"	"2"
"FREM1"	"12"
"NEK8"	"1"
"FREM2"	"2"
"ACTG1"	"10"
"ALDH1A3"	"1"
"ALDH7A1"	"1"
"HCCS"	"2"
"HMGB3"	"1"
"HMX1"	"2"
"IGBP1"	"1"
"MAF"	"2"
"NPHP1"	"4"
"SIX6"	"2"
"OTX2"	"11"
"SMO"	"17"
"TFAP2A"	"3"
"NAA10"	"1"
"B3GALT1"	"1"
"PIGL"	"1"
"GDF3"	"5"
"YAP1"	"9"
"MAB21L2"	"2"
"PUF60"	"4"
"TMEM216"	"6"
"TMEM138"	"2"
"TENM3"	"3"
"SALL4"	"3"
"CC2D2A"	"7"
"STRA6"	"4"
"PORCN"	"2"
"TMEM237"	"3"
"TMEM231"	"4"
"TCTN2"	"4"
"CEP290"	"5"
"CEP41"	"4"
"C12orf57"	"4"
"CLDN19"	"2"
"ARL13B"	"2"
"VSX2"	"2"
"KIF7"	"8"
"GDF6"	"2"
"BMP2"	"10"
"EFNA4"	"1"
"MEGF8"	"2"
"ERF"	"9"
"IDS"	"2"
"IDUA"	"2"
"IL11RA"	"3"
"LMX1B"	"3"
"MSX2"	"1"
"NELL1"	"8"
"PRRX1"	"3"
"TCF12"	"9"
"TWIST1"	"11"
"ZIC1"	"8"
"KAT6A"	"8"
"CDC45"	"1"
"DHRS3"	"1"
"RECQL4"	"3"
"HUWE1"	"2"
"IRX5"	"1"
"TLK2"	"2"
"SPECC1L"	"1"
"BBS9"	"10"
"SLC25A24"	"1"
"RAB23"	"3"
"ADAMTSL4"	"2"
"COLEC11"	"1"
"TICRR"	"1"
"SCARF2"	"1"
"ESCO2"	"5"
"AES"	"1"
"AK1"	"2"
"ALDOA"	"1"
"APLP2"	"1"
"RHOC"	"1"
"ATP1A1"	"7"
"CAMK2D"	"3"
"CANX"	"1"
"CD36"	"7"
"CD38"	"1"
"CDH2"	"8"
"CTSC"	"2"
"CIRBP"	"2"
"COX5B"	"1"
"CRK"	"1"
"DCN"	"3"
"DLAT"	"1"
"ENSA"	"1"
"F2RL1"	"1"
"FABP5"	"1"
"GBP2"	"1"
"GK"	"1"
"GYG1"	"1"
"HIVEP2"	"1"
"JUNB"	"17"
"KCNJ8"	"2"
"MEOX2"	"1"
"KITLG"	"9"
"MX1"	"6"
"NCL"	"1"
"NEDD4"	"6"
"PGM1"	"1"
"PPAT"	"4"
"PPM1B"	"1"
"PPP2CA"	"2"
"PSMB5"	"1"
"PTPRA"	"1"
"PYGB"	"3"
"RAB5A"	"1"
"RPL17"	"1"
"RTN1"	"1"
"RXRG"	"1"
"SELP"	"5"
"SLC6A6"	"1"
"TAP1"	"1"
"ZEB1"	"9"
"TLE4"	"4"
"TMPO"	"4"
"UGCG"	"1"
"UQCRFS1"	"1"
"ZFP36"	"1"
"TUBA1A"	"2"
"SNAP23"	"1"
"FEZ2"	"1"
"DNM1L"	"4"
"CLEC10A"	"1"
"RALBP1"	"1"
"TMED2"	"1"
"ACOT2"	"1"
"MAPRE1"	"1"
"NPTN"	"1"
"RGCC"	"1"
"GAS5"	"1"
"ADM2"	"1"
"RAB1B"	"1"
"EIF2A"	"2"
"CTTNBP2"	"2"
"RSAD2"	"2"
"RLN3"	"1"
"RAB12"	"1"
"ALCAM"	"3"
"AQP1"	"8"
"CAPZB"	"4"
"KYAT1"	"4"
"CCNH"	"3"
"CDC42"	"4"
"CNN3"	"3"
"CSN2"	"3"
"CSN3"	"3"
"SLC25A10"	"3"
"DBI"	"3"
"S1PR1"	"3"
"EEF1A1"	"3"
"EIF5A"	"3"
"FABP4"	"4"
"GNAI2"	"3"
"GSS"	"4"
"H3F3B"	"4"
"HBA1"	"6"
"HNRNPA1"	"4"
"ID4"	"5"
"INSIG1"	"3"
"KRT5"	"8"
"LGALS7"	"5"
"MGP"	"5"
"NDN"	"3"
"FURIN"	"3"
"PSME1"	"5"
"PTBP1"	"3"
"PTN"	"3"
"RASA1"	"8"
"RASGRF2"	"3"
"RCN1"	"3"
"RPL3"	"3"
"RPL6"	"4"
"RPS14"	"4"
"SRSF2"	"4"
"SNCG"	"3"
"SNRPD3"	"4"
"THRSP"	"3"
"TSHR"	"14"
"UBE2I"	"3"
"YWHAZ"	"4"
"VAMP8"	"3"
"URI1"	"4"
"LIN7A"	"3"
"TSC22D1"	"6"
"MPZL1"	"3"
"TP53I3"	"3"
"GDA"	"3"
"MRC2"	"3"
"BASP1"	"3"
"CORO1A"	"3"
"PADI4"	"4"
"NSMF"	"5"
"G0S2"	"3"
"LSR"	"3"
"KRT71"	"3"
"TMEM37"	"3"
"TUBB2B"	"5"
"GLYCAM1"	"3"
"S100A8"	"7"
"BID"	"1"
"BNIP3"	"2"
"CLDN3"	"1"
"CST1"	"1"
"ING1"	"3"
"ITGA5"	"3"
"KISS1"	"3"
"MLF1"	"1"
"MUC6"	"1"
"NPM1"	"6"
"SERPINB2"	"3"
"PPIA"	"4"
"PTPA"	"2"
"PRKAA1"	"1"
"PRKAB1"	"1"
"KLK10"	"4"
"PTPRG"	"1"
"RARRES1"	"1"
"RPL15"	"4"
"RPS6"	"1"
"SNAI1"	"5"
"MIA"	"1"
"AURKB"	"2"
"EBI3"	"1"
"ARL6IP5"	"2"
"ZBTB20"	"2"
"ZNRD1"	"1"
"UBR5"	"7"
"CHFR"	"3"
"FSD1"	"1"
"REG4"	"1"
"ZNF559"	"1"
"LRRC3B"	"1"
"DCBLD2"	"3"
"FHL2"	"4"
"TAF1A"	"1"
"TXNRD2"	"2"
"PRDM16"	"2"
"RENBP"	"1"
"ALMS1"	"2"
"CSRNP1"	"1"
"ABRA"	"1"
"DNAJC19"	"1"
"ATIC"	"5"
"CALCR"	"4"
"FGB"	"5"
"TNFRSF11B"	"9"
"OXCT1"	"4"
"PLEK"	"5"
"PSMA2"	"4"
"PSMA5"	"7"
"RSU1"	"5"
"TLN1"	"4"
"U2AF1"	"8"
"WNT1"	"4"
"PDLIM4"	"6"
"TNFSF11"	"5"
"WDR1"	"4"
"TUBA1B"	"4"
"CAP1"	"4"
"CCT2"	"4"
"PRDX3"	"5"
"MGLL"	"4"
"PGLS"	"4"
"ZDHHC13"	"4"
"ANTXR2"	"4"
"RAB7B"	"5"
"ARHGDIB"	"2"
"TUBB1"	"1"
"TUBA1C"	"1"
"H3F3A"	"7"
"HIST1H3A"	"3"
"DLL3"	"21"
"LATS2"	"15"
"KIAA1549"	"14"
"ATP1B2"	"4"
"BMI1"	"8"
"CDKN2C"	"2"
"CLCN3"	"4"
"DMXL1"	"3"
"MGMT"	"16"
"MYBL1"	"6"
"PLK1"	"5"
"TOP2A"	"10"
"HIST1H3D"	"1"
"HIST1H3C"	"1"
"HIST1H3E"	"1"
"HIST1H3I"	"1"
"HIST1H3G"	"1"
"HIST1H3J"	"1"
"HIST1H3H"	"1"
"HIST1H3B"	"6"
"FUBP1"	"1"
"HIST1H3F"	"1"
"FAM107A"	"4"
"CIC"	"15"
"PHLDB1"	"3"
"CCDC26"	"3"
"ASCL1"	"5"
"TFF1"	"2"
"TFF2"	"1"
"IL1RL1"	"5"
"SRGAP3"	"4"
"ACVR2A"	"1"
"BRDT"	"1"
"EPHA2"	"6"
"EPHA8"	"3"
"EPHB1"	"1"
"EPHB4"	"3"
"GRK6"	"3"
"ITK"	"2"
"MARK1"	"2"
"PDGFRB"	"4"
"BRD2"	"10"
"PRKD2"	"4"
"MINK1"	"1"
"STK26"	"1"
"TEX14"	"1"
"MLKL"	"1"
"EPHA10"	"2"
"WEE2"	"2"
"BMPR2"	"2"
"GDF2"	"2"
"KCNA5"	"6"
"SMAD1"	"2"
"SMAD9"	"2"
"TBX4"	"2"
"ATP13A3"	"2"
"CBLN2"	"2"
"EIF2AK4"	"2"
"AMPD2"	"2"
"ENTPD1"	"4"
"B4GALNT1"	"1"
"CDK16"	"1"
"RTN2"	"1"
"VAMP1"	"3"
"USP8"	"1"
"AP4M1"	"5"
"SLC33A1"	"3"
"TECPR2"	"2"
"AP5Z1"	"1"
"PQBP1"	"6"
"AP4B1"	"2"
"KIF1C"	"1"
"AFG3L2"	"15"
"AP4S1"	"2"
"ERLIN2"	"4"
"ARL6IP1"	"1"
"DDHD2"	"1"
"AP4E1"	"5"
"PCDH12"	"1"
"REEP2"	"1"
"MTPAP"	"1"
"WDR45B"	"4"
"SPG14"	"1"
"KIDINS220"	"1"
"WDR48"	"1"
"ALS2"	"1"
"GBA2"	"1"
"SPG16"	"1"
"PGAP1"	"1"
"OPA3"	"3"
"DDHD1"	"1"
"C19orf12"	"4"
"SERAC1"	"4"
"MARS2"	"1"
"NIPA1"	"1"
"VPS37A"	"1"
"SPG19"	"1"
"SPG24"	"1"
"ARSI"	"1"
"SPG23"	"1"
"SPG25"	"1"
"SPG27"	"1"
"SPG29"	"1"
"SPG32"	"1"
"SPG34"	"1"
"SPG36"	"1"
"SPG37"	"1"
"SPG38"	"1"
"SPG41"	"1"
"ATF1"	"2"
"CCNB1"	"2"
"CDC6"	"3"
"CDH15"	"2"
"CKS2"	"2"
"CLDN4"	"2"
"ELAVL3"	"2"
"FSHR"	"2"
"FUT7"	"2"
"GAB1"	"2"
"GDF9"	"2"
"HELLS"	"3"
"HSD3B1"	"2"
"HSD3B2"	"3"
"IGHG1"	"3"
"KRT3"	"2"
"LIF"	"6"
"LTK"	"2"
"MAD2L1"	"3"
"MTNR1B"	"5"
"TONSL"	"2"
"PDE3B"	"2"
"PTAFR"	"2"
"PTGER3"	"7"
"RAB2A"	"2"
"RPL37A"	"2"
"S100P"	"2"
"SCNN1A"	"6"
"SCT"	"2"
"SOX15"	"2"
"STAR"	"4"
"TCF15"	"2"
"TMF1"	"2"
"TTK"	"2"
"UBE2H"	"2"
"ZNF205"	"2"
"TEAD2"	"2"
"ZMYM5"	"2"
"BMP15"	"2"
"TAB1"	"2"
"SRSF10"	"5"
"MAPRE3"	"3"
"TNRC6B"	"2"
"MAPK8IP3"	"2"
"LSM5"	"2"
"RACGAP1"	"2"
"NOP53"	"2"
"TNPO2"	"2"
"FOXP3"	"10"
"ISYNA1"	"4"
"LPCAT2"	"2"
"CEP55"	"3"
"TRPV6"	"2"
"IQCC"	"2"
"CMTR2"	"3"
"PBK"	"2"
"EMSY"	"4"
"PNPLA2"	"2"
"REXO1"	"2"
"ARHGAP23"	"2"
"SAP30L"	"2"
"MANEA"	"4"
"MORN1"	"2"
"BBOF1"	"2"
"ZNF430"	"2"
"HOOK3"	"2"
"THAP3"	"2"
"CARMIL3"	"2"
"RASL10B"	"2"
"FBXO44"	"2"
"CGB5"	"2"
"LARP4"	"2"
"RHPN1"	"2"
"CNTROB"	"2"
"JSRP1"	"2"
"C12orf66"	"2"
"IL34"	"2"
"MGAT5B"	"2"
"DACT3"	"2"
"FAM84A"	"2"
"LINC00475"	"2"
"PWWP2B"	"2"
"PTCRA"	"2"
"TMEM151A"	"2"
"NPB"	"2"
"ARHGAP30"	"2"
"ASPM"	"7"
"S100A7A"	"2"
"ADGRD2"	"2"
"NMNAT3"	"2"
"ZSWIM9"	"2"
"BLOC1S3"	"2"
"ODF3B"	"2"
"TMEM151B"	"2"
"DUX4L5"	"2"
"ADARB2"	"4"
"ATP1B1"	"7"
"DDX1"	"4"
"DNAH8"	"7"
"DOCK1"	"4"
"DSCAM"	"4"
"EHHADH"	"5"
"GRIA4"	"4"
"AFF3"	"5"
"ABLIM1"	"4"
"PDE1C"	"4"
"PMAIP1"	"5"
"QSOX1"	"4"
"SLC10A2"	"5"
"EIPR1"	"4"
"BCAR3"	"4"
"MKNK1"	"4"
"PIWIL1"	"4"
"NRXN3"	"5"
"AKAP7"	"4"
"SLK"	"5"
"FARP1"	"4"
"PATJ"	"4"
"PLA2R1"	"4"
"SAMD4A"	"4"
"XPO6"	"4"
"RHBDD3"	"4"
"TIAM2"	"4"
"FAM184B"	"4"
"CTNNA3"	"6"
"NME7"	"5"
"POLR1D"	"4"
"MPC1"	"4"
"CHCHD3"	"4"
"APPL2"	"4"
"CCDC91"	"4"
"FRMD4A"	"5"
"WDR11"	"6"
"PARVA"	"4"
"MYO5C"	"4"
"TENM2"	"4"
"GBA3"	"4"
"XYLT1"	"4"
"CDCP1"	"4"
"PCDH15"	"7"
"FAM184A"	"4"
"TTC21B"	"5"
"THSD4"	"4"
"SEMA6D"	"4"
"CSRNP3"	"5"
"ZNF606"	"4"
"FHOD3"	"4"
"COLEC12"	"4"
"LRMDA"	"4"
"RTL6"	"4"
"AGBL4"	"4"
"SLC2A13"	"4"
"XKR4"	"4"
"BPIFA2"	"4"
"MPP7"	"4"
"C10orf82"	"4"
"LDLRAD3"	"4"
"OR51E1"	"4"
"C19orf18"	"4"
"CERS6"	"4"
"HSPA12A"	"4"
"TMPRSS7"	"4"
"C5orf63"	"4"
"ADCY1"	"2"
"CCKBR"	"3"
"CHRM5"	"4"
"GNAI1"	"8"
"HCRTR1"	"3"
"NPTX2"	"1"
"CHRNA6"	"1"
"RUNX1T1"	"4"
"DMPK"	"2"
"ELAVL2"	"1"
"EPHA7"	"3"
"EPHB3"	"1"
"FER"	"1"
"ID2"	"9"
"INSM1"	"1"
"MYCL"	"7"
"KHSRP"	"1"
"CDYL"	"1"
"RIMS2"	"1"
"BCLAF1"	"1"
"RASSF8"	"1"
"DIP2C"	"1"
"SATB2"	"3"
"TAOK3"	"1"
"KIF21A"	"1"
"STK31"	"1"
"PLSCR4"	"1"
"ZDBF2"	"1"
"TAF1L"	"2"
"COL22A1"	"1"
"LYRM9"	"1"
"ADCYAP1R1"	"1"
"ARG2"	"2"
"DNAH5"	"3"
"HLA-DQA1"	"10"
"HLA-G"	"1"
"MUC7"	"1"
"RNASE3"	"1"
"SPRR2B"	"1"
"TRPA1"	"2"
"RAD50"	"3"
"TNIP1"	"6"
"KIF3A"	"3"
"PTGDR2"	"1"
"TBX21"	"1"
"PHF11"	"1"
"GSDMB"	"1"
"TSLP"	"3"
"ORMDL3"	"2"
"SCGB3A2"	"1"
"WDR36"	"1"
"PYHIN1"	"1"
"CDHR3"	"1"
"NPSR1"	"1"
"ASS1"	"2"
"THBS2"	"2"
"ECE1"	"1"
"GCGR"	"1"
"GCKR"	"1"
"GRB14"	"1"
"HHEX"	"3"
"HMGA1"	"3"
"HNF4A"	"3"
"INPPL1"	"2"
"SMAD5"	"1"
"PEPD"	"1"
"PPP1R3A"	"1"
"PROX1"	"1"
"MOK"	"1"
"ST6GAL1"	"3"
"ABCC8"	"6"
"UBE2E2"	"1"
"MAPK8IP1"	"1"
"VPS26A"	"1"
"PSMD6"	"2"
"BCL2L11"	"1"
"AP3S2"	"1"
"MAEA"	"1"
"HMG20A"	"1"
"IGF2BP2"	"1"
"CAPN10"	"4"
"JADE2"	"1"
"CDKAL1"	"1"
"ITLN1"	"2"
"ADAMTS9"	"1"
"PLEKHA1"	"1"
"THADA"	"1"
"CCDC92"	"2"
"CMIP"	"1"
"KCNK16"	"1"
"FAM234A"	"1"
"TMEM155"	"1"
"KLF14"	"1"
"C2CD4A"	"1"
"KCNU1"	"1"
"SLC30A8"	"1"
"GLIS3"	"7"
"C2CD4B"	"1"
"CISD2"	"1"
"ANGPT1"	"4"
"FECH"	"1"
"SPHK1"	"4"
"ATP6AP2"	"2"
"SLC27A2"	"1"
"THG1L"	"1"
"PRDM1"	"5"
"CDH3"	"3"
"DAP"	"1"
"DEFA6"	"1"
"SLC26A3"	"1"
"ECM1"	"2"
"FCGR2A"	"5"
"CXCR1"	"2"
"IRF5"	"5"
"MST1"	"6"
"PSMG1"	"1"
"RIPK2"	"1"
"IL18RAP"	"1"
"HERC2"	"3"
"TNFSF15"	"2"
"ARPC2"	"1"
"MASP2"	"1"
"KIF21B"	"1"
"ICOSLG"	"2"
"NOD2"	"7"
"CARD9"	"2"
"IL23R"	"9"
"NKX2-3"	"6"
"CCNY"	"6"
"IRGM"	"6"
"IL17REL"	"1"
"ANXA6"	"3"
"CAPN2"	"3"
"CASP7"	"3"
"CBFB"	"5"
"CBL"	"4"
"CBLB"	"3"
"CTNNA1"	"7"
"CTSH"	"9"
"CTSZ"	"3"
"DHX15"	"3"
"GPR183"	"3"
"LPAR1"	"3"
"EIF4EBP1"	"7"
"FANCD2"	"8"
"FANCE"	"8"
"FANCF"	"8"
"FANCG"	"8"
"GATA2"	"5"
"GFI1"	"10"
"GTF2I"	"4"
"H1F0"	"3"
"HIST1H1C"	"3"
"LYL1"	"4"
"MN1"	"4"
"NUP98"	"5"
"POU4F1"	"5"
"RAD21"	"10"
"RGS2"	"3"
"SVIL"	"3"
"TCEA2"	"3"
"PXDN"	"4"
"ASMTL"	"3"
"DLEU2"	"3"
"IFI30"	"4"
"GAS2L1"	"3"
"PIM2"	"3"
"PTPRT"	"1"
"PSIP1"	"3"
"VSIG4"	"4"
"ARHGAP26"	"2"
"CBLC"	"1"
"SBDS"	"1"
"ZBTB7A"	"6"
"CHMP5"	"3"
"FXYD6"	"3"
"BCOR"	"8"
"ENAH"	"3"
"BACH2"	"13"
"BAALC"	"3"
"VOPP1"	"3"
"SPRY4"	"5"
"GCOM2"	"1"
"AGRN"	"7"
"BLVRB"	"1"
"CAPZA1"	"1"
"CFL1"	"2"
"CSTB"	"6"
"FAT2"	"1"
"FKBP1A"	"1"
"GDI2"	"1"
"KRT13"	"1"
"KRT14"	"5"
"KRT17"	"7"
"PFN1"	"2"
"PSME2"	"2"
"HIST1H2BM"	"1"
"GSTO1"	"3"
"SLC39A6"	"1"
"TXNDC17"	"1"
"AJUBA"	"1"
"FAT3"	"1"
"TMEM173"	"1"
"ADD1"	"1"
"ADD2"	"1"
"AQP2"	"1"
"AQP4"	"8"
"AQP5"	"3"
"AQP6"	"1"
"CD80"	"5"
"CD86"	"3"
"CD40"	"11"
"CGA"	"1"
"CHGA"	"4"
"DEFB1"	"2"
"COCH"	"1"
"DIAPH1"	"2"
"DPT"	"1"
"GJB3"	"6"
"GPX5"	"1"
"IRF7"	"2"
"KCNA4"	"1"
"KCNE1"	"3"
"NAGA"	"1"
"NPR3"	"1"
"SLC26A4"	"3"
"POU4F3"	"1"
"MRPS12"	"1"
"TLR3"	"2"
"TNFAIP3"	"19"
"KCNQ4"	"1"
"KCNE3"	"2"
"GJB6"	"3"
"FCHO1"	"1"
"PTPN22"	"8"
"TFB1M"	"1"
"TLR7"	"2"
"TLR8"	"2"
"TLR10"	"1"
"FAM136A"	"1"
"FCHO2"	"1"
"MARVELD2"	"1"
"SEMA3D"	"1"
"HLA-DPA2"	"1"
"CD3D"	"6"
"GABRR2"	"2"
"P2RX1"	"2"
"RNASE6"	"2"
"SRSF5"	"2"
"ST8SIA1"	"2"
"TGM1"	"3"
"LAT"	"4"
"CRISPLD2"	"2"
"PLIN2"	"2"
"ATF4"	"2"
"HAS3"	"2"
"PTMA"	"9"
"NR1D1"	"3"
"GPD1L"	"3"
"SIRT7"	"3"
"CNDP2"	"4"
"PNPLA3"	"5"
"MCM5"	"1"
"PPM1G"	"1"
"ST18"	"1"
"TAS2R13"	"1"
"CD19"	"1"
"COX8A"	"2"
"EIF4A2"	"1"
"HOXA5"	"2"
"HOXD11"	"6"
"KRT6B"	"4"
"LAMC3"	"2"
"RACK1"	"2"
"GPN1"	"1"
"MRPL13"	"2"
"PRTFDC1"	"4"
"ADK"	"5"
"BAAT"	"2"
"BCAT1"	"1"
"BLVRA"	"1"
"FAH"	"2"
"GALT"	"3"
"IARS"	"3"
"MPI"	"2"
"PEX13"	"6"
"PEX14"	"8"
"ATP8B1"	"2"
"MAPK13"	"1"
"PEX19"	"6"
"PEX5"	"6"
"RDX"	"1"
"SMPD1"	"3"
"AKR1D1"	"2"
"TFR2"	"3"
"NR1H2"	"1"
"VIL1"	"1"
"ABCB11"	"2"
"PEX11B"	"6"
"PEX16"	"6"
"TJP2"	"2"
"SLC23A2"	"1"
"SLC23A1"	"1"
"SLC25A13"	"2"
"SLC27A5"	"2"
"KANK1"	"1"
"INVS"	"2"
"DCDC2"	"2"
"GTPBP2"	"1"
"MKS1"	"6"
"C4orf19"	"1"
"TRMU"	"2"
"BEX4"	"1"
"ALDH8A1"	"1"
"HSD3B7"	"2"
"NPL"	"1"
"CFHR5"	"1"
"COG7"	"2"
"HOGA1"	"1"
"FAM129A"	"1"
"SLC51B"	"4"
"HJV"	"1"
"MBOAT1"	"1"
"SLC51A"	"4"
"NPHP4"	"2"
"RFLNB"	"1"
"ADRA2B"	"3"
"CA8"	"4"
"CCNA2"	"3"
"SLC31A1"	"6"
"EEF1B2"	"3"
"NDST1"	"4"
"INPP4A"	"3"
"MEF2C"	"14"
"NTF4"	"3"
"PMM2"	"4"
"RALGDS"	"3"
"KDM5A"	"3"
"SC5D"	"5"
"TAF2"	"4"
"VRK1"	"5"
"YY1"	"6"
"ZMYM2"	"3"
"ALDH5A1"	"3"
"PDHX"	"3"
"HIST3H3"	"3"
"HIST1H4C"	"6"
"HIST1H4B"	"3"
"PRKRA"	"12"
"CACNA1G"	"11"
"ZBTB40"	"3"
"FRY"	"3"
"CNKSR1"	"3"
"STAG1"	"4"
"CHL1"	"3"
"ASCC3"	"3"
"MAN1B1"	"3"
"SHANK2"	"3"
"KDM6B"	"4"
"MED13L"	"3"
"SIN3A"	"8"
"KIF1BP"	"7"
"LARP7"	"5"
"GON4L"	"3"
"PHIP"	"3"
"UBR7"	"3"
"LINS1"	"3"
"BBS7"	"5"
"ELP2"	"3"
"ZCCHC8"	"3"
"TRMT1"	"3"
"RABL6"	"3"
"PECR"	"3"
"SNX14"	"11"
"SLC4A10"	"6"
"NSD1"	"5"
"TMEM135"	"3"
"SRD5A3"	"4"
"NAA15"	"3"
"TTI2"	"3"
"DOCK8"	"3"
"COQ5"	"3"
"ACBD6"	"3"
"CNDP1"	"5"
"MFSD2A"	"8"
"PRRT2"	"3"
"ZNF526"	"3"
"RAB39B"	"9"
"ARL14EP"	"3"
"METTL23"	"3"
"PTCHD1"	"6"
"CCBE1"	"4"
"KANSL1"	"4"
"LAMA1"	"5"
"WDR62"	"8"
"SLC10A1"	"1"
"UTP4"	"1"
"GPBAR1"	"6"
"ADM"	"6"
"CCL1"	"2"
"ADORA2B"	"4"
"PROC"	"4"
"TGFBI"	"6"
"NTS"	"1"
"PLD1"	"8"
"S100A5"	"8"
"ANXA3"	"5"
"BLK"	"3"
"CAV2"	"3"
"CD2"	"1"
"CD3E"	"3"
"CD5"	"2"
"CD28"	"7"
"DDX6"	"1"
"GSDME"	"1"
"DNASE1L3"	"3"
"RCAN1"	"1"
"GART"	"1"
"HCLS1"	"1"
"HLA-DQA2"	"1"
"HOXD13"	"4"
"IRF8"	"4"
"ITGA6"	"2"
"RAB8A"	"1"
"CIITA"	"1"
"NCF2"	"1"
"NFKBIE"	"2"
"NFKBIL1"	"1"
"POU3F1"	"1"
"PRKCQ"	"8"
"PSG5"	"1"
"RAP2A"	"1"
"CCL21"	"1"
"SLC22A4"	"1"
"SMS"	"1"
"TLE3"	"3"
"TNFAIP2"	"1"
"TRAF1"	"2"
"TNFSF14"	"3"
"GPRC5A"	"1"
"LHX2"	"1"
"B3GNT2"	"2"
"IL23A"	"3"
"CD244"	"1"
"DDIT4"	"3"
"GIN1"	"1"
"PXK"	"3"
"BAIAP2L1"	"1"
"NDUFA4L2"	"1"
"MMEL1"	"4"
"ANKRD55"	"2"
"TXNDC5"	"4"
"ST6GALNAC5"	"1"
"MGARP"	"1"
"B3GNT9"	"1"
"TAGAP"	"8"
"PLD4"	"1"
"PLB1"	"1"
"CLEC12A"	"1"
"SPRED2"	"1"
"RGMB"	"1"
"PDCD2"	"1"
"PDCD6"	"1"
"CADM1"	"4"
"CAMK2B"	"7"
"RGS9"	"4"
"HPGDS"	"3"
"EFNA5"	"1"
"ETS1"	"4"
"VEGFD"	"1"
"INPP5D"	"1"
"THY1"	"1"
"SOCS1"	"6"
"IRAK3"	"1"
"AKT1S1"	"1"
"TICAM1"	"1"
"NPS"	"4"
"SLC25A37"	"1"
"SLC46A1"	"1"
"ASPG"	"1"
"NUCB1"	"5"
"PML"	"12"
"PSMC5"	"6"
"CUL4A"	"5"
"CUL1"	"5"
"ELMO1"	"7"
"RBX1"	"5"
"CELF2"	"5"
"FBXO6"	"5"
"DERL1"	"5"
"GZMB"	"1"
"ENPP2"	"4"
"IRF4"	"5"
"LIG4"	"4"
"NUAK1"	"1"
"CBX7"	"1"
"CRBN"	"1"
"ULK4"	"1"
"PSORS1C2"	"1"
"ATP13A2"	"9"
"HTRA2"	"10"
"FDFT1"	"4"
"PENK"	"8"
"APOL2"	"4"
"GCC1"	"4"
"DECR1"	"1"
"PITX3"	"4"
"CES2"	"2"
"RPS6KA5"	"2"
"HOMER2"	"2"
"GPSM1"	"2"
"KLHL5"	"2"
"PRMT6"	"2"
"LRRC7"	"2"
"SYT13"	"2"
"ICE2"	"2"
"SRCIN1"	"2"
"COL21A1"	"2"
"ATP9B"	"2"
"CCSER1"	"2"
"CDK5"	"2"
"CHRNB3"	"1"
"GALR1"	"4"
"NSF"	"1"
"SNORD15A"	"1"
"FAM53B"	"1"
"NCS1"	"1"
"CALY"	"1"
"CDNF"	"1"
"P2RX4"	"7"
"SELENOW"	"3"
"UBE3A"	"4"
"KCNAB2"	"3"
"STAMBP"	"7"
"P2RX2"	"3"
"STX1B"	"3"
"BIRC2"	"2"
"ARHGAP4"	"1"
"ARHGDIA"	"1"
"CX3CR1"	"3"
"EIF4A1"	"1"
"FCER2"	"1"
"GTF3A"	"1"
"HDGF"	"1"
"HSP90AB1"	"1"
"ILF2"	"1"
"EIF6"	"1"
"KIR3DL1"	"1"
"KPNB1"	"1"
"LYN"	"1"
"MAZ"	"1"
"MBL2"	"1"
"NUP88"	"1"
"PSMB4"	"1"
"PSMB10"	"1"
"PSMC3"	"1"
"PSMD3"	"1"
"PSMD8"	"1"
"PSMD13"	"1"
"RANBP1"	"3"
"CCL3L1"	"1"
"SFPQ"	"6"
"SRSF1"	"1"
"SRF"	"1"
"TAF9"	"1"
"CCT3"	"1"
"DNAJC7"	"1"
"EIF3B"	"1"
"SRSF9"	"1"
"ALYREF"	"1"
"PSME3"	"1"
"NUTF2"	"1"
"EMG1"	"1"
"IPO7"	"1"
"CCT7"	"1"
"HSPH1"	"1"
"SF3A3"	"1"
"COPS6"	"1"
"RAB32"	"2"
"PSME4"	"1"
"CD209"	"1"
"ARAP3"	"1"
"GRPEL1"	"1"
"TRIM5"	"1"
"CISH"	"2"
"ETS2"	"1"
"FCGR3B"	"1"
"FYB1"	"1"
"ITGAM"	"4"
"MXD1"	"1"
"MEOX1"	"1"
"MRC1"	"1"
"NINJ1"	"1"
"NUMA1"	"2"
"CNTN3"	"1"
"PIM1"	"8"
"RGS1"	"7"
"STAC"	"1"
"UPP1"	"1"
"SLC7A5"	"1"
"SOCS2"	"3"
"TMSB10"	"1"
"CALCRL"	"1"
"IGSF6"	"1"
"PRDX4"	"3"
"FGL2"	"1"
"PHLDA1"	"1"
"ABCA6"	"1"
"IPCEF1"	"1"
"CIDEC"	"1"
"ASRGL1"	"1"
"EMB"	"1"
"ARAF"	"2"
"CDK8"	"1"
"DAPK3"	"2"
"MATK"	"2"
"PAK3"	"2"
"PHKG1"	"1"
"PMS1"	"10"
"PKN1"	"3"
"PRKCZ"	"3"
"PRKG2"	"1"
"PTK7"	"1"
"RPS6KA2"	"2"
"TAF1"	"3"
"RIPK1"	"1"
"TBK1"	"2"
"EEF2K"	"1"
"TNNI3K"	"2"
"CDK12"	"5"
"MARK4"	"1"
"CAMKV"	"2"
"NEK11"	"1"
"STK40"	"1"
"TBCK"	"2"
"NRK"	"2"
"MAP3K15"	"3"
"PREP"	"8"
"SULT4A1"	"2"
"ALAS2"	"3"
"CD63"	"3"
"F12"	"3"
"GRP"	"13"
"SOX4"	"5"
"SQLE"	"3"
"RRAS2"	"9"
"CCNDBP1"	"3"
"MPEG1"	"3"
"H19"	"5"
"GFRA1"	"6"
"SCN10A"	"10"
"AIF1"	"2"
"SNCB"	"1"
"MARK2"	"2"
"EN1"	"2"
"GAS2"	"2"
"HIST1H1E"	"1"
"INSRR"	"2"
"ITGB4"	"6"
"KRT15"	"2"
"NFIB"	"1"
"PDZK1"	"2"
"SMARCE1"	"3"
"SON"	"2"
"SOX11"	"2"
"HIST1H2AL"	"1"
"FGF16"	"1"
"MAGI1"	"2"
"HOMER3"	"2"
"TLK1"	"1"
"MORF4L1"	"1"
"DTX4"	"2"
"MGA"	"1"
"RBFOX2"	"2"
"ZIM2"	"2"
"MYCBP"	"1"
"CNTN6"	"1"
"PCSK1N"	"2"
"UHRF1"	"1"
"IRX4"	"2"
"DTL"	"2"
"GINS2"	"2"
"ARID4B"	"1"
"STAG3L1"	"2"
"MIER2"	"2"
"MAML3"	"1"
"ERBIN"	"1"
"SLC24A3"	"2"
"BCORL1"	"3"
"EFHD1"	"2"
"WNT5B"	"2"
"NETO2"	"2"
"XAGE1A"	"1"
"AK2"	"3"
"GJB2"	"9"
"RNR1"	"3"
"OTOF"	"3"
"CLDN14"	"3"
"ESPN"	"3"
"TMTC2"	"3"
"SLC26A5"	"3"
"PJVK"	"3"
"CSTA"	"4"
"H2AFX"	"3"
"JAG2"	"4"
"LZTR1"	"6"
"TES"	"3"
"POLK"	"3"
"SEPT14"	"4"
"GDF1"	"2"
"GJA5"	"2"
"FOXH1"	"5"
"HAND2"	"3"
"CITED2"	"1"
"ZFPM2"	"3"
"NKX2-6"	"3"
"TACC1"	"2"
"DTX1"	"1"
"CDK3"	"1"
"EPHB6"	"2"
"GUCY2F"	"2"
"PDK2"	"1"
"SRPK2"	"1"
"MAPKAPK3"	"1"
"DYRK2"	"2"
"PRKD3"	"1"
"TRIM33"	"2"
"NLK"	"1"
"STYK1"	"1"
"CDC42BPG"	"1"
"TRIB3"	"2"
"STKLD1"	"1"
"TNFAIP1"	"2"
"TINAG"	"2"
"ACE2"	"3"
"ALPK1"	"3"
"C1QA"	"3"
"CFHR1"	"1"
"LAIR1"	"1"
"MAN2B1"	"3"
"LAPTM5"	"1"
"CD163"	"2"
"LHFPL2"	"1"
"ST6GALNAC2"	"1"
"CFHR3"	"1"
"CORO1C"	"2"
"SLC43A3"	"1"
"KIF15"	"1"
"MS4A6A"	"1"
"NES"	"1"
"ALPG"	"1"
"CD7"	"3"
"CD8A"	"3"
"CD69"	"8"
"CEACAM5"	"1"
"COL4A6"	"1"
"COL13A1"	"5"
"ECM2"	"1"
"IFI6"	"2"
"HABP2"	"1"
"IFI35"	"2"
"IFNA10"	"1"
"IL9"	"2"
"IL16"	"1"
"INHA"	"1"
"ITGB6"	"2"
"MGAT2"	"1"
"MMP15"	"1"
"MMP19"	"1"
"CEACAM6"	"1"
"PAEP"	"1"
"PGF"	"1"
"SERPINB4"	"2"
"TNR"	"1"
"CD164"	"1"
"CD84"	"1"
"CRISP3"	"1"
"IFI44"	"2"
"SPAG5"	"1"
"DIAPH2-AS1"	"1"
"SDF2L1"	"1"
"FLRT3"	"3"
"FETUB"	"1"
"CHIA"	"1"
"ACKR4"	"1"
"IL20RA"	"1"
"PCDHA3"	"1"
"MMP26"	"1"
"LGALS14"	"1"
"AMELY"	"2"
"ANG"	"3"
"CACNB3"	"2"
"MS4A1"	"4"
"GPR34"	"2"
"MFAP2"	"2"
"NR2F1"	"2"
"TMOD1"	"2"
"MADCAM1"	"3"
"NMT2"	"2"
"NXPH2"	"2"
"TMEM59L"	"2"
"TMBIM4"	"2"
"MAGOHB"	"2"
"IARS2"	"2"
"TIMD4"	"2"
"FGD2"	"2"
"ATP6V0D2"	"2"
"GDI1"	"4"
"OPHN1"	"2"
"SLC6A8"	"1"
"ZNF711"	"2"
"ZNF41"	"2"
"IL1RAPL1"	"3"
"IQSEC2"	"2"
"CXorf36"	"2"
"RAB40AL"	"1"
"ZNF674"	"1"
"CLCN4"	"1"
"AFF2"	"1"
"TSPAN7"	"1"
"USP9X"	"2"
"AP1S2"	"2"
"ARHGEF6"	"1"
"FRMPD4"	"1"
"MID2"	"1"
"CNKSR2"	"1"
"FTSJ1"	"1"
"RLIM"	"1"
"ZNF81"	"1"
"USP27X"	"1"
"NR0B1"	"2"
"GNRHR"	"1"
"LHCGR"	"2"
"TAC3"	"1"
"CUL4B"	"1"
"SEMA7A"	"1"
"HS6ST1"	"2"
"SEMA3E"	"1"
"SRA1"	"1"
"SEMA3A"	"2"
"DCAF17"	"1"
"KISS1R"	"2"
"LHX4"	"3"
"CCDC141"	"2"
"FEZF1"	"2"
"AIRE"	"2"
"CYP21A2"	"1"
"MC2R"	"1"
"MCM4"	"1"
"AAAS"	"2"
"SGPL1"	"2"
"NNT"	"1"
"SAMD9"	"4"
"MRAP"	"1"
"FH"	"8"
"GALNS"	"1"
"HBA2"	"2"
"HBZ"	"1"
"LBR"	"2"
"NEU1"	"8"
"CTSA"	"1"
"SOS2"	"2"
"UROS"	"1"
"PIEZO1"	"1"
"KLF1"	"1"
"EBP"	"3"
"LARS2"	"1"
"CYP2A13"	"1"
"ARHGAP35"	"1"
"KPNA2"	"1"
"RPSA"	"1"
"RPL36A"	"1"
"SHMT1"	"11"
"SRM"	"1"
"TTF1"	"1"
"XRCC5"	"1"
"ULK1"	"2"
"FASTK"	"1"
"EML4"	"7"
"RAG2"	"5"
"SAA1"	"4"
"FLG"	"3"
"HLA-DMA"	"1"
"KRT2"	"1"
"KRT4"	"1"
"KRT10"	"10"
"PI3"	"1"
"PSMD12"	"1"
"PIR"	"1"
"TNFSF9"	"1"
"KIF2C"	"1"
"SLC7A11"	"1"
"STOML2"	"1"
"UGT1A6"	"1"
"TSC22D3"	"5"
"STX2"	"1"
"LDHC"	"1"
"RAD23B"	"1"
"AURKC"	"2"
"CST8"	"1"
"TDRD7"	"4"
"DROSHA"	"3"
"ELOVL2"	"1"
"NSUN7"	"1"
"TAS1R3"	"1"
"DNAAF4"	"3"
"NANOS2"	"1"
"GNAT3"	"1"
"ENO4"	"1"
"ELF3"	"2"
"C6"	"1"
"GALNT3"	"1"
"PTPN6"	"1"
"SLC20A2"	"1"
"SPN"	"1"
"XPR1"	"1"
"SLC22A6"	"1"
"CTC1"	"1"
"BST1"	"1"
"LYST"	"1"
"TOR1A"	"1"
"EIF4G1"	"1"
"GAK"	"1"
"GSTA4"	"1"
"HLA-DRA"	"3"
"KCNJ4"	"1"
"RPL23A"	"1"
"RPS8"	"1"
"ATXN2"	"11"
"TBP"	"1"
"BAG5"	"1"
"SNCAIP"	"1"
"DNAJC6"	"1"
"VPS13A"	"1"
"SLC39A14"	"1"
"FBXO7"	"1"
"TMEM230"	"1"
"CHCHD2"	"1"
"THAP1"	"1"
"VPS35"	"1"
"JPH3"	"1"
"ANO3"	"1"
"IPPK"	"1"
"PANK2"	"2"
"SLC41A1"	"1"
"PARK16"	"1"
"EIF4E"	"1"
"ARHGAP29"	"1"
"WNT10A"	"1"
"CSNK2A1"	"3"
"CSNK2A2"	"2"
"CSNK2B"	"3"
"GJB5"	"1"
"GYPA"	"2"
"IVL"	"2"
"KRT1"	"2"
"LOR"	"2"
"HCAR3"	"2"
"HCAR2"	"4"
"CD74"	"2"
"CST6"	"1"
"DUSP3"	"1"
"GIPR"	"1"
"KIF5B"	"1"
"NNAT"	"1"
"PXN"	"1"
"RHEB"	"1"
"RRAD"	"1"
"SDC4"	"1"
"SHMT2"	"1"
"NKX2-1"	"4"
"PHLDA2"	"2"
"COL4A3BP"	"1"
"RBM7"	"1"
"SLC34A2"	"1"
"MXRA5"	"2"
"PRR13"	"1"
"SELENOS"	"1"
"AVEN"	"1"
"CARD18"	"2"
"PLBD1"	"1"
"INPP5A"	"6"
"MAL"	"4"
"SPRR1A"	"1"
"UBA7"	"1"
"SEM1"	"1"
"KNSTRN"	"1"
"DEFA3"	"1"
"ITGAL"	"2"
"ITGAX"	"1"
"FNDC3B"	"1"
"NABP1"	"1"
"FIP1L1"	"1"
"IRF2BP2"	"1"
"RGS20"	"1"
"CTSL"	"2"
"GRM4"	"5"
"TAF15"	"2"
"ZW10"	"1"
"CCNB3"	"1"
"MSH3"	"6"
"SMARCB1"	"1"
"SUFU"	"12"
"CHEK1"	"2"
"RAD51D"	"3"
"RECQL"	"2"
"XRCC2"	"3"
"RINT1"	"2"
"MCPH1"	"5"
"ABRAXAS1"	"1"
"SLX4"	"7"
"GEN1"	"2"
"KLLN"	"1"
"SMARCD1"	"2"
"INPP4B"	"2"
"MAP3K13"	"3"
"DOK1"	"2"
"EREG"	"2"
"HOXB9"	"2"
"HOXD1"	"2"
"HOXD9"	"2"
"PPP1CC"	"2"
"RBL2"	"3"
"WNT7A"	"6"
"SKAP1"	"2"
"DYRK1B"	"3"
"POP4"	"2"
"SPDEF"	"2"
"TIPARP"	"2"
"BABAM1"	"2"
"DESI2"	"2"
"BNC2"	"4"
"WDR77"	"2"
"PLEKHF1"	"2"
"CHMP4C"	"2"
"MUC16"	"2"
"ARL11"	"3"
"GPR150"	"2"
"DPH1"	"1"
"IL1RAP"	"1"
"VAMP7"	"1"
"WEE1"	"1"
"CCNA1"	"1"
"NSDHL"	"1"
"ING3"	"1"
"TCHP"	"2"
"CPA1"	"1"
"CTRB1"	"1"
"PRSS1"	"1"
"PRSS2"	"1"
"CLDN2"	"1"
"CTRC"	"1"
"CTRB2"	"1"
"FCER1A"	"2"
"CAST"	"3"
"INHBA"	"1"
"ALDH3A1"	"2"
"BFSP1"	"3"
"CRYAA"	"4"
"CRYBA1"	"3"
"CRYBA4"	"1"
"CRYBB1"	"4"
"CRYBB2"	"3"
"CRYBB3"	"3"
"CRYGA"	"1"
"CRYGB"	"1"
"CRYGC"	"4"
"CRYGD"	"4"
"CRYGFP"	"1"
"CRYGS"	"2"
"CYP51A1"	"1"
"GALK1"	"2"
"GCNT2"	"1"
"GJA3"	"3"
"HSF4"	"1"
"LTBP2"	"1"
"MAN2A1"	"1"
"MIP"	"4"
"MIPEP"	"1"
"NDP"	"1"
"NHS"	"3"
"MSMO1"	"3"
"CAPN15"	"1"
"FZD4"	"4"
"BFSP2"	"1"
"GNPAT"	"1"
"AGPS"	"1"
"SLC4A4"	"2"
"EED"	"1"
"RAB3GAP1"	"2"
"RAB18"	"2"
"SIPA1L3"	"1"
"RAB3GAP2"	"2"
"NECTIN3"	"1"
"ABHD12"	"1"
"PEX5L"	"1"
"P3H2"	"1"
"RNLS"	"1"
"AGK"	"1"
"FYCO1"	"3"
"AKR1E2"	"1"
"JAM3"	"1"
"CHMP4B"	"1"
"B3GLCT"	"2"
"MFSD6L"	"1"
"GJC3"	"1"
"SLC16A12"	"1"
"MAFIP"	"1"
"GJE1"	"1"
"ALDH3B1"	"1"
"HLA-DRB4"	"1"
"CHD4"	"1"
"HOXA11"	"1"
"LASP1"	"1"
"MAX"	"12"
"MAP3K4"	"4"
"PIK3R2"	"5"
"SEMA3F"	"1"
"SEMA3B"	"1"
"PLXNA3"	"1"
"TSPYL2"	"1"
"CASC2"	"1"
"MYOD1"	"4"
"TIMM10"	"1"
"CD79A"	"2"
"CD79B"	"2"
"CDK1"	"1"
"CLTC"	"1"
"RANGAP1"	"1"
"TRAF5"	"1"
"MALT1"	"1"
"SEC31A"	"1"
"SPEN"	"2"
"PRDM11"	"1"
"NOM1"	"1"
"CCDC86"	"1"
"FBXO11"	"1"
"FJX1"	"5"
"DLL1"	"9"
"DTX2"	"5"
"AMOT"	"5"
"HES5"	"5"
"NRARP"	"5"
"GAS8-AS1"	"1"
"DIO3"	"2"
"EIF1AX"	"1"
"FOXE1"	"3"
"LPAR4"	"1"
"PCM1"	"1"
"PPP2R5C"	"2"
"TRIM27"	"1"
"TPR"	"4"
"WARS"	"1"
"PAX8"	"3"
"CCDC6"	"1"
"NCOA4"	"4"
"GOLGA5"	"1"
"ERC1"	"1"
"NDUFA13"	"1"
"BEGAIN"	"1"
"DIO3OS"	"1"
"WDR20"	"1"
"DIRC3"	"1"
"MAST1"	"2"
"STK36"	"4"
"SNRK"	"2"
"NEK7"	"1"
"ADAM17"	"1"
"TST"	"1"
"ATP2B3"	"6"
"KCNJ5"	"7"
"AIP"	"6"
"C4B"	"1"
"ALOX12B"	"2"
"DSG1"	"2"
"KDSR"	"9"
"KRT6A"	"2"
"ELOVL4"	"2"
"TAT"	"2"
"SERPINB7"	"2"
"SNAP29"	"2"
"SASH1"	"2"
"KANK2"	"2"
"MBTPS2"	"3"
"POMP"	"2"
"SMARCAD1"	"2"
"SLURP1"	"2"
"ALOXE3"	"2"
"CARD14"	"4"
"RHBDF2"	"2"
"AAGAB"	"2"
"SDR9C7"	"2"
"GJB4"	"2"
"TRPV3"	"2"
"LIPH"	"2"
"KRT6C"	"2"
"FAM83G"	"2"
"ALX3"	"1"
"BBS1"	"2"
"BBS4"	"2"
"CENPF"	"3"
"HOXA13"	"2"
"PDE6D"	"1"
"PITX1"	"2"
"TBX5"	"2"
"TFAP2B"	"1"
"ZNF141"	"1"
"MKKS"	"2"
"RBM10"	"1"
"KIAA0586"	"3"
"CD96"	"1"
"IFT27"	"2"
"CEP164"	"1"
"TRIM32"	"2"
"ARMC8"	"1"
"C2CD3"	"2"
"TRAF3IP1"	"1"
"B9D1"	"4"
"TBX22"	"1"
"WDPCP"	"3"
"IFT52"	"2"
"DYNC2LI1"	"1"
"LZTFL1"	"2"
"WDR60"	"1"
"ZSWIM6"	"1"
"WDR19"	"1"
"SMOC1"	"1"
"LMBR1"	"2"
"BBS10"	"2"
"CSPP1"	"3"
"B9D2"	"2"
"DDX59"	"1"
"WDR34"	"1"
"UBE3B"	"1"
"IFT43"	"1"
"BBS5"	"2"
"MIPOL1"	"1"
"CKAP2L"	"2"
"CEP120"	"2"
"BBS12"	"2"
"HYLS1"	"3"
"TCTEX1D2"	"1"
"BHLHA9"	"1"
"AMBN"	"1"
"AMELX"	"1"
"COL17A1"	"2"
"DLX3"	"1"
"KCNJ1"	"1"
"LAMA3"	"2"
"LAMB3"	"2"
"SMARCD2"	"4"
"TUFT1"	"1"
"GPR68"	"1"
"MMP20"	"1"
"KLK4"	"1"
"ENAM"	"1"
"CLDN16"	"1"
"CNNM4"	"1"
"TMEM165"	"1"
"ACP4"	"1"
"SLC24A4"	"1"
"WDR72"	"1"
"FAM83H"	"1"
"AMTN"	"1"
"DKC1"	"1"
"BRF1"	"1"
"CHMP1A"	"1"
"ADGRG1"	"1"
"STUB1"	"8"
"CLP1"	"1"
"EXOSC8"	"1"
"PMPCA"	"1"
"TINF2"	"1"
"EXOSC3"	"1"
"SEPSECS"	"1"
"ATP8A2"	"1"
"TUBA8"	"1"
"VPS53"	"1"
"CWF19L1"	"8"
"SMPD4"	"1"
"RARS2"	"2"
"TOE1"	"1"
"TSEN15"	"1"
"WDR81"	"2"
"ANXA11"	"1"
"C21orf2"	"3"
"CCNF"	"1"
"DPP6"	"5"
"EPHA4"	"3"
"FUS"	"1"
"MOBP"	"3"
"NEFH"	"3"
"PON3"	"1"
"PRPH"	"3"
"VAPB"	"1"
"MATR3"	"1"
"OPTN"	"3"
"UNC13A"	"3"
"SCFD1"	"3"
"TARDBP"	"3"
"CHMP2B"	"3"
"TNFRSF21"	"3"
"UBQLN2"	"1"
"DBR1"	"3"
"CAMK1G"	"4"
"ANGPT2"	"1"
"GJA4"	"1"
"PLCG1"	"5"
"PTPRB"	"1"
"CALM3"	"1"
"KCNJ2"	"7"
"SCN4B"	"2"
"SNTA1"	"8"
"KCNE2"	"4"
"AKAP9"	"7"
"ALG10"	"1"
"DLG1"	"3"
"KCND3"	"3"
"SCN2B"	"2"
"SLMAP"	"1"
"KCNE5"	"1"
"RANGRF"	"1"
"TRPM4"	"1"
"SCN3B"	"2"
"CCR7"	"9"
"CCR8"	"7"
"CCR10"	"7"
"EIF2AK2"	"8"
"SSTR4"	"7"
"SSTR5"	"7"
"PDXK"	"7"
"KCNK5"	"7"
"SIGLEC6"	"2"
"CR2"	"2"
"CSK"	"2"
"DNASE1"	"2"
"FCGR2B"	"4"
"TCF7"	"7"
"TLR5"	"2"
"CLEC16A"	"11"
"RASGRP3"	"2"
"IL21R"	"2"
"DEF6"	"2"
"IRAK4"	"2"
"UHRF1BP1"	"2"
"BANK1"	"2"
"PHRF1"	"2"
"IL21"	"3"
"SLC15A4"	"2"
"PCNX3"	"2"
"ATOH1"	"6"
"FLI1"	"6"
"HIC1"	"6"
"MPL"	"6"
"VAV1"	"7"
"PTCH2"	"10"
"SCML2"	"6"
"KDM4B"	"6"
"KDM4C"	"6"
"EHMT1"	"6"
"L3MBTL2"	"6"
"L3MBTL3"	"6"
"STRADA"	"7"
"SMYD4"	"6"
"GDF10"	"1"
"EID1"	"1"
"SLC6A20"	"1"
"PDGFC"	"1"
"PPP1R14A"	"1"
"RPS20"	"2"
"XRCC4"	"3"
"FAN1"	"2"
"NFKBIZ"	"2"
"BAD"	"1"
"SYNCRIP"	"1"
"PPP1R13L"	"1"
"SMPD3"	"2"
"KMT2E"	"3"
"LINC00977"	"1"
"BCL6"	"12"
"ITGA4"	"1"
"RPS15"	"1"
"XPO1"	"1"
"ZRSR2"	"3"
"KLRC4"	"2"
"FARP2"	"1"
"TOPBP1"	"1"
"SP140"	"1"
"LILRA4"	"1"
"IGHV3-21"	"1"
"C11orf21"	"1"
"IL19"	"5"
"ACOXL"	"1"
"CPEB1"	"1"
"BMF"	"1"
"BSG"	"2"
"FGF6"	"2"
"FMO1"	"2"
"GBX2"	"2"
"HSF1"	"2"
"KIF3C"	"2"
"SELPLG"	"2"
"SHC1"	"2"
"TMSB4X"	"2"
"INA"	"3"
"SIX2"	"4"
"DBX1"	"2"
"GSX2"	"2"
"OTOG"	"2"
"HLA-DPB2"	"2"
"WNT2"	"2"
"PIAS3"	"2"
"CSNK1A1"	"1"
"HNRNPA2B1"	"1"
"TERF2"	"1"
"ICOS"	"1"
"C4A"	"2"
"MEFV"	"2"
"ERAP1"	"3"
"PSORS1C1"	"1"
"UBAC2"	"1"
"IL12A-AS1"	"1"
"ELANE"	"2"
"LYZ"	"1"
"PSMB8"	"1"
"PSTPIP1"	"1"
"LPIN2"	"1"
"IL36RN"	"3"
"TRNT1"	"1"
"NLRC4"	"1"
"OTULIN"	"1"
"NLRP3"	"8"
"DNAH11"	"3"
"MACO1"	"1"
"MGST1"	"1"
"ATXN1"	"8"
"PDE8B"	"1"
"TTC19"	"1"
"AGPAT3"	"1"
"CD6"	"2"
"CD58"	"2"
"KCNJ10"	"2"
"CLDN11"	"2"
"SERPINB8"	"2"
"S100A7"	"2"
"VNN2"	"4"
"VNN1"	"4"
"PTTG1"	"2"
"CARM1"	"2"
"TRAF3IP2"	"2"
"DDX58"	"4"
"CYP2S1"	"2"
"FBXL19"	"2"
"VNN3"	"2"
"RNF114"	"2"
"LCE3D"	"2"
"ZC3H12C"	"2"
"ZNF816"	"2"
"AP1S3"	"2"
"IFNLR1"	"2"
"LCE3B"	"2"
"LCE3C"	"2"
"GNAI3"	"7"
"IKBKB"	"1"
"NFKB2"	"2"
"IKBKG"	"2"
"B3GAT1"	"2"
"GOLGA4"	"5"
"CXCL3"	"5"
"NDUFB8"	"5"
"RFX3"	"5"
"SRP68"	"5"
"SSBP1"	"5"
"TRAPPC10"	"5"
"PIAS1"	"5"
"USO1"	"5"
"IER3"	"5"
"USP13"	"5"
"CCRL2"	"5"
"MINPP1"	"5"
"ZNF267"	"5"
"N4BP2L2"	"5"
"RUFY3"	"5"
"TRA2A"	"5"
"SOX18"	"5"
"ZFAND6"	"5"
"ZNF331"	"5"
"PELI1"	"5"
"TAF1D"	"5"
"CCL3L3"	"5"
"ADIPOR2"	"1"
"CENPE"	"2"
"DNA2"	"2"
"DYRK1A"	"2"
"PHC1"	"7"
"EIF2S3"	"1"
"FDXR"	"1"
"KIF2A"	"3"
"KIF5C"	"3"
"KIF11"	"2"
"ORC1"	"4"
"ORC4"	"2"
"PAFAH1B1"	"1"
"SLC1A4"	"1"
"TBCD"	"1"
"TUBG1"	"3"
"LAGE3"	"1"
"CDK13"	"1"
"TRIP13"	"7"
"EFTUD2"	"2"
"CEP135"	"3"
"RUSC2"	"1"
"NCAPD2"	"1"
"KIF14"	"2"
"TRAIP"	"4"
"SLC9A6"	"2"
"ARFGEF2"	"1"
"PLK4"	"4"
"CEP152"	"3"
"POGZ"	"1"
"ANKLE2"	"3"
"NCAPD3"	"1"
"NCAPH"	"1"
"NUP188"	"1"
"ORC6"	"2"
"RTTN"	"2"
"DONSON"	"4"
"TPRKB"	"1"
"TRAPPC12"	"1"
"NIN"	"2"
"TRIT1"	"1"
"OSGEP"	"1"
"CDK5RAP2"	"3"
"CENPJ"	"3"
"KNL1"	"3"
"NUP107"	"1"
"SLC25A19"	"2"
"ZNF335"	"2"
"NHEJ1"	"2"
"CEP63"	"5"
"CDT1"	"2"
"TRAPPC9"	"1"
"PPP1R15B"	"2"
"TUBGCP6"	"2"
"SELENOI"	"1"
"TP53RK"	"1"
"NACC1"	"1"
"TRAPPC6B"	"1"
"TBC1D20"	"1"
"SASS6"	"3"
"UNC80"	"2"
"FANCB"	"7"
"UROD"	"3"
"FANCL"	"6"
"FANCI"	"6"
"FANCM"	"6"
"CDC73"	"1"
"FOXF1"	"4"
"WNT11"	"3"
"FGFRL1"	"3"
"NPAS2"	"2"
"OPN4"	"1"
"ARSB"	"1"
"CLIC2"	"1"
"EML1"	"1"
"PPP2R5D"	"1"
"TBX15"	"1"
"ZIC3"	"2"
"DENND5A"	"1"
"MMACHC"	"1"
"OSTM1"	"1"
"GPSM2"	"1"
"CEP83"	"1"
"TBC1D7"	"1"
"NANS"	"1"
"HYDIN"	"3"
"RNF125"	"1"
"FLVCR2"	"1"
"KIAA1109"	"1"
"CCDC88C"	"8"
"ADGRL3"	"3"
"ARVCF"	"1"
"CRKL"	"1"
"DGCR"	"1"
"RREB1"	"1"
"HIRA"	"1"
"UFD1"	"1"
"DGCR6"	"1"
"ESS2"	"1"
"SEC24C"	"1"
"DGCR2"	"1"
"CFC1"	"1"
"PTPN14"	"2"
"STK19"	"3"
"F8"	"1"
"F13B"	"1"
"SERPINA10"	"1"
"SOX5"	"3"
"WNT8A"	"2"
"PPFIA4"	"2"
"GBP1"	"1"
"IFI27"	"1"
"IFIT2"	"1"
"IFIT3"	"1"
"OAS1"	"5"
"OAS2"	"1"
"OAS3"	"1"
"PLSCR1"	"1"
"SIGLEC1"	"1"
"XIST"	"1"
"OASL"	"1"
"UBE2L6"	"1"
"TRIM22"	"1"
"IFITM3"	"1"
"IFI44L"	"1"
"IFIT5"	"1"
"LAMP3"	"1"
"TOR1B"	"1"
"ZCCHC2"	"1"
"HERC6"	"1"
"DDX60"	"1"
"RTP4"	"1"
"PARP12"	"1"
"APOL6"	"1"
"PEAK1"	"2"
"ATP6AP1"	"7"
"RRAGC"	"7"
"HLTF"	"2"
"TPT1"	"2"
"DNM3"	"2"
"UBE2T"	"5"
"FIGNL1"	"2"
"RASSF5"	"2"
"MAP4K3"	"1"
"BMP2K"	"1"
"ACVR1C"	"1"
"MYLK4"	"2"
"MAST4"	"1"
"RPS6KA4"	"1"
"TESK2"	"1"
"SMG1"	"1"
"RPS6KC1"	"2"
"DDX11"	"1"
"QARS"	"1"
"TAF13"	"2"
"CRIPT"	"1"
"TUBGCP3"	"1"
"WDFY3"	"1"
"TUBGCP4"	"1"
"GMNN"	"1"
"HDAC8"	"2"
"PRUNE1"	"1"
"ATRIP"	"1"
"WDR73"	"1"
"NSMCE2"	"1"
"AGMO"	"1"
"RNU4ATAC"	"1"
"DLK1"	"1"
"PHOX2B"	"6"
"GMPPA"	"1"
"NEUROG1"	"1"
"RBM12"	"1"
"MED15"	"1"
"ERVW-4"	"1"
"AVPR1A"	"1"
"CDH10"	"1"
"EN2"	"1"
"JARID2"	"1"
"MTNR1A"	"1"
"PCDH9"	"1"
"SFSWAP"	"1"
"TBL1X"	"3"
"NEMF"	"1"
"NRXN2"	"1"
"DIP2A"	"1"
"ANKRD11"	"1"
"SNTG2"	"1"
"LRRN3"	"1"
"NLGN4X"	"1"
"CHD8"	"1"
"IQGAP3"	"1"
"UPP2"	"1"
"TET3"	"1"
"C3orf58"	"1"
"LRRTM3"	"1"
"BBIP1"	"1"
"HPGD"	"3"
"PTGES2"	"3"
"TCF7L1"	"3"
"TRAPPC2"	"7"
"ADAMTSL2"	"7"
"MBOAT7"	"1"
"EGR4"	"1"
"NR2E1"	"1"
"TRPC7"	"1"
"ATP6"	"1"
"ND3"	"3"
"ND5"	"3"
"NDUFA9"	"3"
"NDUFA10"	"3"
"NDUFS3"	"5"
"NDUFA12"	"3"
"NDUFAF5"	"3"
"NARS2"	"1"
"NDUFAF2"	"5"
"NDUFAF6"	"5"
"KCNC4"	"4"
"COX3"	"5"
"CRYBA2"	"2"
"UNC45B"	"2"
"CXCR5"	"3"
"ENTPD2"	"3"
"ICAM3"	"3"
"POU2AF1"	"1"
"SLC4A2"	"3"
"SPIB"	"3"
"NSA2"	"3"
"TNPO3"	"1"
"DENND1B"	"8"
"MAP3K10"	"1"
"PRKCI"	"1"
"CAMK1"	"1"
"ROCK2"	"1"
"OXSR1"	"1"
"MAP4K1"	"1"
"STK38"	"1"
"PASK"	"1"
"STK32B"	"1"
"STRADB"	"1"
"SCYL1"	"8"
"WNK4"	"2"
"ALPK2"	"1"
"GRK7"	"1"
"NEK10"	"2"
"STK32A"	"1"
"MSH5"	"1"
"POLA1"	"1"
"SPRED1"	"1"
"RRAS"	"2"
"A2ML1"	"1"
"CHD3"	"1"
"IL2RG"	"1"
"RPS6KA1"	"1"
"BRD9"	"1"
"PEG3"	"3"
"PRKACA"	"3"
"PRKACB"	"3"
"PTPN3"	"1"
"CSNK2A3"	"1"
"MAD2L2"	"1"
"RFWD3"	"1"
"GPC4"	"2"
"MLLT1"	"2"
"NONO"	"2"
"GLIPR1"	"2"
"POU6F2"	"1"
"XPO5"	"2"
"DIS3L2"	"1"
"AMER1"	"2"
"MID1"	"1"
"RPL11"	"3"
"RPL26"	"3"
"RPL35A"	"3"
"RPS7"	"3"
"RPS10"	"3"
"RPS17"	"3"
"RPS19"	"3"
"RPS24"	"3"
"RPS26"	"3"
"RPS29"	"3"
"RBM8A"	"1"
"SF3B4"	"1"
"DMRT1"	"4"
"ATF7IP"	"4"
"NANOG"	"4"
"DPPA3"	"4"
"KATNB1"	"1"
"C5"	"1"
"C8A"	"1"
"ZAP70"	"1"
"FCN3"	"1"
"EPG5"	"1"
"GRID2"	"7"
"PPP2R2B"	"7"
"RUBCN"	"7"
"NOP56"	"7"
"ANO10"	"7"
"ELOVL5"	"7"
"RBM17"	"7"
"VWA3B"	"7"
"SYT14"	"7"
"ATXN1L"	"7"
"TGM6"	"7"
"PLEKHG4"	"1"
"ITPR3"	"4"
"C1QTNF6"	"4"
"IL27"	"4"
"CASP12"	"4"
"RASGRF1"	"2"
"RAC2"	"1"
"MLLT11"	"1"
"MYO9B"	"1"
"ZMIZ1"	"1"
"THEMIS"	"1"
"CHUK"	"2"
"MNT"	"2"
"RARG"	"2"
"RYK"	"3"
"SIM2"	"2"
"GIP"	"1"
"RPL24"	"1"
"SDHC"	"6"
"TULP3"	"1"
"ELP4"	"1"
"ZBTB11"	"1"
"HIPK2"	"1"
"CDON"	"5"
"HHIP"	"1"
"GLIS2"	"1"
"DISP1"	"5"
"BOC"	"1"
"TMEM17"	"1"
"HIPK1"	"1"
"MTCL1"	"2"
"EEFSEC"	"2"
"HBB"	"2"
"HBD"	"1"
"HBG1"	"1"
"SERPINB9"	"1"
"RPA1"	"1"
"RAB11A"	"1"
"NT5C3A"	"1"
"INTS13"	"1"
"EPPK1"	"1"
"FRMD3"	"1"
"ZNF683"	"1"
"PVT1"	"1"
"MTHFD2"	"1"
"ACKR1"	"1"
"GYPB"	"1"
"GYPC"	"1"
"LTBR"	"1"
"SLC4A1"	"1"
"TIRAP"	"1"
"NCR3"	"1"
"CD81"	"1"
"SCARB2"	"1"
"ATN1"	"7"
"KCNC1"	"7"
"SERPINI1"	"7"
"EPM2A"	"7"
"GOSR2"	"7"
"CERS1"	"7"
"CLN6"	"7"
"PRDM8"	"7"
"LMNB2"	"7"
"NHLRC1"	"7"
"CD151"	"1"
"ITGA3"	"1"
"PKP1"	"1"
"TGM5"	"1"
"EXPH5"	"1"
"KLHL24"	"1"
"FERMT1"	"1"
"ASCC1"	"2"
"CTHRC1"	"2"
"ITGA9"	"1"
"HMGXB4"	"1"
"TOM1"	"1"
"IMPACT"	"1"
"GPRC5D"	"1"
"PHETA1"	"1"
"COPB2"	"1"
"CIT"	"1"
"CHKA"	"1"
"PCMT1"	"1"
"CELSR1"	"1"
"SCRIB"	"1"
"TXN2"	"1"
"PARD3"	"1"
"CHRNB1"	"4"
"CHRND"	"4"
"DPAGT1"	"4"
"LAMB2"	"1"
"SCN4A"	"4"
"SLC18A3"	"4"
"COLQ"	"1"
"PREPL"	"4"
"ALG2"	"4"
"ALG14"	"4"
"SLC25A1"	"1"
"HCRTR2"	"2"
"MOG"	"2"
"P2RY11"	"2"
"AK9"	"1"
"OVOL1"	"2"
"CCL22"	"2"
"ACTL9"	"2"
"IL31"	"2"
"GLUD1"	"4"
"RYR3"	"1"
"COX6B1"	"1"
"TRNN"	"1"
"TRNS1"	"1"
"COX5A"	"1"
"FASTKD2"	"1"
"COA3"	"1"
"COA7"	"1"
"APOPT1"	"1"
"COX14"	"1"
"COX20"	"1"
"PET100"	"1"
"PET117"	"1"
"ST3GAL3"	"1"
"UPB1"	"1"
"GUF1"	"1"
"FPR2"	"5"
"FUT2"	"5"
"NCF4"	"5"
"ATG16L1"	"5"
"ERAP2"	"5"
"FAM92B"	"5"
"KCNJ13"	"1"
"IQCB1"	"1"
"LCA5"	"1"
"RD3"	"1"
"TPMT"	"1"
"JAGN1"	"1"
"IGSF1"	"2"
"TPO"	"2"
"TRHR"	"2"
"DUOX2"	"2"
"IYD"	"2"
"DUOXA2"	"2"
"NUP155"	"1"
"CYP2C18"	"1"
"RPS6KB2"	"1"
"CDKL2"	"1"
"MAP3K14"	"1"
"AATK"	"1"
"MELK"	"1"
"MAST2"	"1"
"NRBP1"	"1"
"SBK1"	"1"
"ARNT2"	"1"
"TOP2B"	"2"
"GSKIP"	"2"
"ATG2B"	"2"
"GAS8"	"2"
"SPAG1"	"2"
"CCNO"	"2"
"LRRC6"	"2"
"DNAH1"	"2"
"DNAI1"	"2"
"NME8"	"2"
"ZMYND10"	"2"
"DNAAF5"	"2"
"CCDC40"	"2"
"ARMC4"	"2"
"DNAAF2"	"2"
"CFAP298"	"2"
"DNAI2"	"2"
"TTC25"	"2"
"DNAL1"	"2"
"RSPH3"	"2"
"CCDC65"	"2"
"RSPH1"	"2"
"DRC1"	"2"
"CCDC114"	"2"
"CCDC151"	"2"
"DNAAF1"	"2"
"PIH1D3"	"2"
"RSPH9"	"2"
"CCDC39"	"2"
"MCIDAS"	"2"
"RSPH4A"	"2"
"DNAAF3"	"2"
"DNAJB13"	"2"
"CCDC103"	"2"
"EGLN1"	"4"
"EGLN2"	"4"
"GAS1"	"4"
"NODAL"	"4"
"TDGF1"	"4"
"TGIF1"	"4"
"GCM2"	"1"
"TWSG1"	"4"
"GATA1"	"2"
"RPL18"	"2"
"RPL27"	"2"
"RPS27"	"2"
"RPS28"	"2"
"RPL35"	"2"
"TSR2"	"2"
"ABCD3"	"1"
"PEX2"	"2"
"PIPOX"	"1"
"ND6"	"2"
"NDUFA1"	"2"
"NDUFB3"	"2"
"NDUFB9"	"2"
"NDUFS6"	"2"
"NDUFAF3"	"2"
"NDUFAF4"	"2"
"TIMMDC1"	"2"
"NDUFB11"	"2"
"TMEM126B"	"2"
"NUBPL"	"2"
"NDUFA11"	"2"
"ND2"	"1"
"NDUFB10"	"1"
"CEP104"	"1"
"PIBF1"	"1"
"KIAA0556"	"1"
"CPLANE1"	"1"
"ARMC9"	"1"
"TMEM107"	"1"
